Workbook

Sheet Map
B2: Master Warranty Reference Map
B4: Manufacturers | D4: Manufacturer | E4: OTA Model Name | F4: Mfg Product Code | G4: Drive Folder Link | J4: Error Code Display Mechanism | M4: Monday Morning Mike Notes
B5: Annmacare | D5: Annmacare | E5: Reflex | F5: AM-5110 | G5: https://drive.google.com/drive/folders/1Guxr2dEjIGU9C6cGWVLo0OqXo_A2cHqc?usp=drive_link | J5: User Prompted (Entry Method) | M5: -Incredible progress dude
B6: Behealthy | D6: Annmacare | E6: Solis | F6: AM-1700B | G6: https://drive.google.com/drive/folders/131_3CMMissMjWH1ALFuXTD0tN6R66nKO?usp=drive_link | J6: Tablet/Remote Display: Numeric Code | M6: -I will add older service manuals that are missing. I have quite a few, likely from when tech site was rebuilt
B7: Easepal | D7: Behealthy | E7: Sapphire | F7: YA113W | G7: https://drive.google.com/drive/folders/1aLp-OuMzR1StTckVfg9DOco1nx8k9OV8?usp=drive_link | J7: Tablet/Remote Display: Timer Display | M7: -Adjacent projects (in terms of priority) to consider IMO:
B8: Fujian Rovos | D8: Easepal | E8: 4000 | F8: Unknown | G8: https://drive.google.com/drive/folders/1nm230_KtGmC42RaFbPe2OSkSn5I_ETz1?usp=drive_link | N8: Parts & Related chair. Need to brainstorm how this works but essentially the goal would be to map related chairs (e.g. x-rest and master, nexus/maestro/hilux/3-5 others i need to sit down and fig out). AI Heavy
B9: GoJoy | D9: Easepal | E9: 4000CS | F9: Unknown | G9: https://drive.google.com/drive/folders/1z11IbEq3O3W76NGgaSDLFIxc9HfSvAjh?usp=drive_link | M9: -Try my claude account. I have claude max plan so i have the newest model (fable). you'll need to set up a project (I can walk you through) but i think it make a lot of gains for you on the planning side (and really any advanced logic)
B10: Inada | D10: Easepal | E10: 4000LE | F10: EC-5653A
B11: iRest | D11: Easepal | E11: 4000LS | F11: EC-623B | G11: https://drive.google.com/drive/folders/1teV4oL4c5RcqaLqL3YgkTxT8u_lgvAlk?usp=drive_link
B12: Kangtai | D12: Easepal | E12: 4000T | F12: EC-380D | G12: https://drive.google.com/drive/folders/1HVO7x1E7kqDy8_9wHs4qhubRiz9mMdMS?usp=drive_link
B13: Kosei | D13: Easepal | E13: 4000XT | F13: EC-3205H | G13: https://drive.google.com/drive/folders/1xVyfj2tmIlOU9QLLx3o164wTMxPy4R2c?usp=drive_link
B14: Rotai | D14: Easepal | E14: 4500LS | F14: Unknown
B15: Rovos | D15: Easepal | E15: 7200H Pinnacle | F15: YH-8382L | G15: https://drive.google.com/drive/folders/1ggmyJRvMFA5K1qDhXyjYqrwDjIvs010m?usp=drive_link
B16: Yihocon | D16: Easepal | E16: Ace II | F16: Unknown | G16: https://drive.google.com/drive/folders/1ihioy4QmXBIxRboSurrTr15sz0xndfUS?usp=drive_link
B17: Zhouqi | D17: Easepal | E17: Admiral II | F17: EC-7506Q | G17: https://drive.google.com/drive/folders/18eY3HxpLrtyhpN9jfrPwe2PLVdV0rYsV?usp=drive_link
D18: Easepal | E18: Alma II | F18: Unknown | G18: https://drive.google.com/drive/folders/1HQGswoMFV5l1Jt02XUdH1cfuUvf88bSj?usp=drive_link
D19: Easepal | E19: Alpina | F19: Unknown | G19: https://drive.google.com/drive/folders/1Lb7RbcSTrmR3-0MVjFwkHiqxzd_H0qt4?usp=drive_link
D20: Easepal | E20: Alpine | F20: EC-621C | G20: https://drive.google.com/drive/folders/1eSAFNh1WLgy6XVUUDPrATrY7a9qDAS_W?usp=drive_link
D21: Easepal | E21: Arcadia 3D LE | F21: YH-8382L
D22: Easepal | E22: Aspire | F22: EC-3622A | G22: https://drive.google.com/drive/folders/1u2aYBj_Za7SC1UeOV5TJGQCNUSYblfo2?usp=drive_link
D23: Easepal | E23: Aurora | F23: Unknown | G23: https://drive.google.com/drive/folders/1zIFYX9OQZUkU4ihcXXoiiyxhKRTtD9AU?usp=drive_link
D24: Easepal | E24: Bello | F24: Unknown | G24: https://drive.google.com/drive/folders/1sEpMbmI8fUMsVS07IjG1u1GZE8W4nTdk?usp=drive_link
D25: Easepal | E25: Champ | F25: OGI-3210G | G25: https://drive.google.com/drive/folders/1xFw_gmdtx4ZINXGhFh8IQ27OoC0wxT3d?usp=drive_link
D26: Easepal | E26: Champ II | F26: YH-8380L | G26: https://drive.google.com/drive/folders/1SOpLuavnl0_oZmcpbAx5JImfGb7Z5Vfj?usp=drive_link
D27: Easepal | E27: Commander | F27: Unknown | G27: https://drive.google.com/drive/folders/13ncQTz2ED3q21LbWvUabJuicmoZoSooN?usp=drive_link
D28: Easepal | E28: Cyber | F28: EC-381E | G28: https://drive.google.com/drive/folders/1RJvx8ElWyLJ59QZL3Q3SiIVagtOz49Wj?usp=drive_link
D29: Easepal | E29: Emperor | F29: EC-8606B | G29: https://drive.google.com/drive/folders/1d0zV5bG3uYErO7_k-vx8HAQxBf62-z2_?usp=drive_link
D30: Easepal | E30: Emperor II | F30: EC-8608S
D31: Easepal | E31: Envy | F31: EC-7516E | G31: https://drive.google.com/drive/folders/1npf8fxw-vxATg-KUbDF1uKA--hyOr1W2?usp=drive_link
D32: Easepal | E32: Escape Duo | F32: EC-8638A | G32: https://drive.google.com/drive/folders/1GoDfLGTRow5jsCsU5_HeQtjfMELyKJ_3?usp=drive_link
D33: Easepal | E33: Hilux | F33: EC-8606B | G33: https://drive.google.com/drive/folders/11B0FxI_FWNeQfZ2piR_JVog6WmFiQvaD?usp=drive_link
D34: Easepal | E34: Hiro LT | F34: EI-8602A | G34: https://drive.google.com/drive/folders/1aF-d-pNu2efQC06blxtVSNd3xcJ3EvMC?usp=drive_link
D35: Easepal | E35: Honor | F35: Unknown | G35: https://drive.google.com/drive/folders/1la3NEwHRbxDaSV7jhEQ3PgtPtPD4a_xi?usp=drive_link
D36: Easepal | E36: Hypnos | F36: EC-6701B
D37: Easepal | E37: Juno II | F37: EC-3209M | G37: https://drive.google.com/drive/folders/1lKzm3-0XyS8oK5OkRzpSpNeQhYrTrAmV?usp=drive_link
D38: Easepal | E38: Luca V | F38: EI-8602A | G38: https://drive.google.com/drive/folders/1UuiMu753WlFBJGYQIrNWf7L6lMry-Htp?usp=drive_link
D39: Easepal | E39: Maestro | F39: EC-806A | G39: https://drive.google.com/drive/folders/1ci6Z_jMNS3Vz-vtNef_g49IqyO4D8BVT?usp=drive_link
D40: Easepal | E40: Maestro LE | F40: EC-806C | G40: https://drive.google.com/drive/folders/1HOWMMoy8m_NOgGGve9S7r2b40MA0-qd0?usp=drive_link
D41: Easepal | E41: Maestro LE 2.0 | F41: EC-806R | G41: https://drive.google.com/drive/folders/1bazhAKh9WFATDEJ-JVsovxXQKf2OTwgf?usp=drive_link
D42: Easepal | E42: Manhattan Duo | F42: EC-8507B | G42: https://drive.google.com/drive/folders/1ep4m1vWDrKtlr_8l5pbK-1v3rbo1NOXP?usp=drive_link
D43: Easepal | E43: Master | F43: EI-8701C | G43: https://drive.google.com/drive/folders/1_RRXE43igxt3CnTDokWeeuBro03C5MB9?usp=drive_link
D44: Easepal | E44: Maxim | F44: EC-624C | G44: https://drive.google.com/drive/folders/1kjyCphzqcRtPM2rs9MKbGz6YlwG2Szr6?usp=drive_link
D45: Easepal | E45: Maxim LE | F45: EI-8502A | G45: https://drive.google.com/drive/folders/1_dUDvJjA9DT6I_kVbtloYnCQ_CnP9Tbi?usp=drive_link
D46: Easepal | E46: Monarch LE | F46: RK-1902S | G46: https://drive.google.com/drive/folders/1urFx4nBakJW3gfl0yHHDvngjrx3GrdbH?usp=drive_link
D47: Easepal | E47: Nexus | F47: EC-8607 | G47: https://drive.google.com/drive/folders/1GnR2D4um0Y2G3q4gf63ewAAdIR2ctpCS?usp=drive_link
D48: Easepal | E48: Omni | F48: E-622A | G48: https://drive.google.com/drive/folders/1RyKamJq55rP4gdmUyx6YgYTgFnV0JYoj?usp=drive_link
D49: Easepal | E49: Optimus | F49: EI-5501C
D50: Easepal | E50: Opulent | F50: EC-7513A | G50: https://drive.google.com/drive/folders/1LvPkexhRVXrRvxmgogIOVR8ltEH9T1-Z?usp=drive_link
D51: Easepal | E51: Orion Duo | F51: 5623A | G51: https://drive.google.com/drive/folders/15syKHgb7HilDi679WTnMzaQCilWbxxwh?usp=drive_link
D52: Easepal | E52: Otamic LE | F52: 3300C | G52: https://drive.google.com/drive/folders/1tGxMbkhEab6-lzvW94nGki7vguERoMv2?usp=drive_link
D53: Easepal | E53: Pandora | F53: EC-3209M | G53: https://drive.google.com/drive/folders/1vo5z1yvqz31NZypXuOukJYPjLg10U8D_?usp=drive_link
D54: Easepal | E54: Premium | F54: EI-6501A | G54: https://drive.google.com/drive/folders/1JLtLdJB6G0nAShr9_DpFFOVS0fENUubT?usp=drive_link
D55: Easepal | E55: Prestige | F55: EI-6501A | G55: https://drive.google.com/drive/folders/1f83E7yme1rMPSzGEPs0xCQkaBATxp4Q8?usp=drive_link
D56: Easepal | E56: Prestige 2.0 | F56: EI-6501E
D57: Easepal | E57: Quest | F57: EC-1616C | G57: https://drive.google.com/drive/folders/1ZlzTGyeyaoprN8hasfjBnEYuRMtHKa4p?usp=drive_link
D58: Easepal | E58: R7 LE | F58: YH-7235 | G58: https://drive.google.com/drive/folders/1QD4gJQ_l94bVfTcxs5F0WQC20WsJlGOc?usp=drive_link
D59: Easepal | E59: Sigma | F59: EC-7512A | G59: https://drive.google.com/drive/folders/1Fo4tl6JU5tgkRgDKcGnZZch7qkgOqMo3?usp=drive_link
D60: Easepal | E60: SOHO | F60: EC-626F | G60: https://drive.google.com/drive/folders/1Fvx8hTumIrd_ozg5wwF1Ie9XO1OVlKMZ?usp=drive_link
D61: Easepal | E61: SOHO II | F61: EC-626E | G61: https://drive.google.com/drive/folders/19PPBzgaYIBXfkae_VtmA0rw5-h8mFoAf?usp=drive_link
D62: Easepal | E62: Somnus Duo | F62: EC-6701A | G62: https://drive.google.com/drive/folders/1LjJZsTPWw7bSkhXgSPBC_1wAGRs-Zgn4?usp=drive_link
D63: Easepal | E63: Sonno XT-1 | F63: AG-6006A | G63: https://drive.google.com/drive/folders/1UeMU4uaKAxw2eTlviLj0g5xOElimN9JJ?usp=drive_link
D64: Easepal | E64: Sonno XT-2 Leather | F64: AG-6006A | G64: https://drive.google.com/drive/folders/12rMAfpvRGBBEiOEb_K3ZbRex6UoBKYhw?usp=drive_link
D65: Easepal | E65: Tecno | F65: 3300C | G65: https://drive.google.com/drive/folders/1nL8ELzMtDEdouFSTDV3jKbCVrsDiKa1M?usp=drive_link
D66: Easepal | E66: Vera | F66: EC-6262J | G66: https://drive.google.com/drive/folders/1xcj2M0hqyZaIiPPlTCizqdLlWyJoR5ru?usp=drive_link
D67: Easepal | E67: Vesper | F67: YH-8382L | G67: https://drive.google.com/drive/folders/1NQ60a0TnUSY_jQKPckb9QakgE3-KlcOt?usp=drive_link
D68: Easepal | E68: Vigor | F68: EC-8610E | G68: https://drive.google.com/drive/folders/1n7ZjcXooQiXJzVfdXRisnnj9KCajyl3y?usp=drive_link
... D70: Easepal | E70: Vito | F70: EC-3628G | G70: https://drive.google.com/drive/folders/1_q_MEyNp9DEl4eGq5qlTo67BughFtEFN?usp=drive_link
D71: Easepal | E71: Vivant | F71: EC-6706A
D72: Easepal | E72: X-Rest | F72: EI-8701C | G72: https://drive.google.com/drive/folders/1uwbbtF2GX4GwvOkVyxv60kghKcX3l_SQ?usp=drive_link
D73: Easepal | E73: Yamato | F73: EC-629B | G73: https://drive.google.com/drive/folders/1ms7c3Xn3LadZ89lOb3ymUCZZrgzRz-ax?usp=drive_link
D74: Easepal | E74: Yoga Flex | F74: EC-6607B | G74: https://drive.google.com/drive/folders/1a2v8NP6zHI_T4MFpXaalrRJkUAh7B-KV?usp=drive_link
D75: Easepal | E75: Zena | F75: ES-3218D1
D76: Fujian Rovos | E76: Q7 | F76: Unknown | G76: https://drive.google.com/drive/folders/1dHjqekgTui3ZxULxNJ4GPiP3pgqZ0GQc?usp=drive_link
D77: Fujian Rovos | E77: R7 | F77: Unknown
D78: GoJoy | E78: Omega | F78: Unknown
D79: GoJoy | E79: OPPO | F79: Unknown
D80: GoJoy | E80: Prime | F80: unknown
D81: Inada | E81: Robo | F81: HCP−LPN30000A
D82: iRest | E82: 8400 | F82: A385
D83: iRest | E83: 3D LTX | F83: A202-2 | G83: https://drive.google.com/drive/folders/1R6xxslnN2bzjCJ5jWS33Hf6US-TMRxLK?usp=drive_link
D84: iRest | E84: 8500 | F84: A385
D85: iRest | E85: Acro | F85: A502-S | G85: https://drive.google.com/drive/folders/1VNLXgIa_tNOYm2xuDKIJ9j8_LPqVkxWr?usp=drive_link
D86: iRest | E86: Allure | F86: A601-2 | G86: https://drive.google.com/drive/folders/1YMpqWkTYpMlZr2jbZsOTNZU74ZPLzpcF?usp=drive_link
D87: iRest | E87: Alpha | F87: A385 | G87: https://drive.google.com/drive/folders/1gA609Rs_lbilSFOXE_QD8LlqdpTgH7l9?usp=drive_link
D88: iRest | E88: Aster | F88: Unknown | G88: https://drive.google.com/drive/folders/1fTJNkFs4_J5KimHJm0SQ14amlTUxSTX6?usp=drive_link
D89: iRest | E89: Astoria | F89: A3232-2
D90: iRest | E90: Avalon | F90: A661 | G90: https://drive.google.com/drive/folders/1K15j4hEXE-640jVeHmGrs8bDMPm_6DcK?usp=drive_link
D91: iRest | E91: Bliss GL | F91: A185 | G91: https://drive.google.com/drive/folders/1EbA1ajSsgSd6FpNoym8IXqYoZKeSOIwg?usp=drive_link
D92: iRest | E92: Bliss VL PU | F92: A185-2 | G92: https://drive.google.com/drive/folders/1XYZEsgb9_qeZsZrFvafmro25QFj6iBez?usp=drive_link
D93: iRest | E93: Cosmo | F93: A502-S | G93: https://drive.google.com/drive/folders/1PyUYW6cv_GLypU1oI4wJ_x7qsXAW9ohp?usp=drive_link
D94: iRest | E94: DuoMax | F94: A801-5 | G94: https://drive.google.com/drive/folders/1dq9gXoT2lavXl_0FGH2nqauvSZU5VHYA?usp=drive_link
D95: iRest | E95: DuoMax SE | F95: A801-5 | G95: https://drive.google.com/drive/folders/1BdgEVdgsns6J3c8SUZIZp2ue2A1S11AF?usp=drive_link
D96: iRest | E96: eCabin | F96: A3501-9
D97: iRest | E97: Elite | F97: Unknown | G97: https://drive.google.com/drive/folders/1sW9edGXlVV8J1pDktSAkKseQNnqg0Ccb?usp=drive_link
D98: iRest | E98: Escape | F98: A802-5 | G98: https://drive.google.com/drive/folders/1e90FKnQGwx7d_Z718MH7sjUPBFXqK3xC?usp=drive_link
D99: iRest | E99: First Class | F99: A100 | G99: https://drive.google.com/drive/folders/16aeLnskNFI4L7jYXj8fv0hW1YikRYN2q?usp=drive_link
D100: iRest | E100: Forge | F100: A3201-2
D101: iRest | E101: Grande XL | F101: A3580A | G101: https://drive.google.com/drive/folders/1M09WH2KzhCtU_v4bcfEVw-BKisZC7ZAm?usp=drive_link
D102: iRest | E102: Hamilton LE | F102: A601-2 | G102: https://drive.google.com/drive/folders/1KpFBG1RHzlg4nFSG-QYrv4WzV0YlWJHs?usp=drive_link
D103: iRest | E103: Harmony II | F103: A351 | G103: https://drive.google.com/drive/folders/1Aat2RlsBq4usXH0r3RsI3TFZWEmU-hHv?usp=drive_link
...

Sheet Summary by Mfg & Model
A1: Mfg | B1: Mfg Product Code | C1: OTA Model Name | D1: Total Error Codes | E1: Entry Method? | F1: Entry Procedure | G1: Error Code Access Type
A2: Annmacare | B2: AM-5110 | C2: Reflex | D2: 6 | E2: No | G2: =IF(ISNUMBER(SEARCH("!HAS TIMER DISPLAYS!", F2)), "Tablet/Remote Display: Timer Display", IF(E2="No", "Tablet/Remote Display: Numeric Code", IF(E2="Yes", "User Prompted (Entry Method)", ""))) -> Tablet/Remote Display: Numeric Code
A3: Annmacare | B3: AM-1700B | C3: Solis | D3: 0 | E3: N/A | F3: (No Error Codes) | G3: =IF(ISNUMBER(SEARCH("!HAS TIMER DISPLAYS!", F3)), "Tablet/Remote Display: Timer Display", IF(E3="No", "Tablet/Remote Display: Numeric Code", IF(E3="Yes", "User Prompted (Entry Method)", "")))
A4: Behealthy | B4: YA113W | C4: Sapphire | D4: 81 | E4: No | G4: =IF(ISNUMBER(SEARCH("!HAS TIMER DISPLAYS!", F4)), "Tablet/Remote Display: Timer Display", IF(E4="No", "Tablet/Remote Display: Numeric Code", IF(E4="Yes", "User Prompted (Entry Method)", ""))) -> Tablet/Remote Display: Numeric Code
A5: Easepal | B5: Unknown | C5: 4000 | D5: =COUNTIF('Error Code Log'!B:B, "4000") -> 13 | E5: No | G5: =IF(ISNUMBER(SEARCH("!HAS TIMER DISPLAYS!", F5)), "Tablet/Remote Display: Timer Display", IF(E5="No", "Tablet/Remote Display: Numeric Code", IF(E5="Yes", "User Prompted (Entry Method)", ""))) -> Tablet/Remote Display: Numeric Code
A6: Easepal | B6: Unknown | C6: 4000CS | D6: =COUNTIF('Error Code Log'!B:B, "4000CS") -> 17 | E6: Yes | F6: !HAS TIMER DISPLAYS! KNEAD + TAP + POWER (buttons on the controller), press and hold the three buttons in two seconds to turn on the automatic analysis system mode. | G6: =IF(ISNUMBER(SEARCH("!HAS TIMER DISPLAYS!", F6)), "Tablet/Remote Display: Timer Display", IF(E6="No", "Tablet/Remote Display: Numeric Code", IF(E6="Yes", "User Prompted (Entry Method)", ""))) -> Tablet/Remote Display: Timer Display
A7: Easepal | B7: EC-5653A | C7: 4000LE | D7: =COUNTIF('Error Code Log'!$B:$B, C7) -> 16 | E7: Yes | F7: Press and hold the settings icon/button for **4 seconds** to enter the password screen. Enter the password **0592** to enter the engineering mode interface. | G7: =IF(ISNUMBER(SEARCH("!HAS TIMER DISPLAYS!", F7)), "Tablet/Remote Display: Timer Display", IF(E7="No", "Tablet/Remote Display: Numeric Code", IF(E7="Yes", "User Prompted (Entry Method)", ""))) -> User Prompted (Entry Method)
A8: Easepal | B8: EC-623B | C8: 4000LS | D8: 0 | E8: N/A | F8: (No Error Codes) | G8: =IF(ISNUMBER(SEARCH("!HAS TIMER DISPLAYS!", F8)), "Tablet/Remote Display: Timer Display", IF(E8="No", "Tablet/Remote Display: Numeric Code", IF(E8="Yes", "User Prompted (Entry Method)", "")))
A9: Easepal | B9: EC-380D | C9: 4000T | D9: 17 | E9: Yes | F9: !HAS TIMER DISPLAYS! KNEAD + TAP + POWER (buttons on the controller), press and hold the three buttons in two seconds to turn on the automatic analysis system mode. | G9: =IF(ISNUMBER(SEARCH("!HAS TIMER DISPLAYS!", F9)), "Tablet/Remote Display: Timer Display", IF(E9="No", "Tablet/Remote Display: Numeric Code", IF(E9="Yes", "User Prompted (Entry Method)", ""))) -> Tablet/Remote Display: Timer Display
A10: Easepal | B10: EC-3205H | C10: 4000XT | D10: =COUNTIF('Error Code Log'!B:B, C10) -> 9 | E10: No | G10: =IF(ISNUMBER(SEARCH("!HAS TIMER DISPLAYS!", F10)), "Tablet/Remote Display: Timer Display", IF(E10="No", "Tablet/Remote Display: Numeric Code", IF(E10="Yes", "User Prompted (Entry Method)", ""))) -> Tablet/Remote Display: Numeric Code
A11: Easepal | B11: Unknown | C11: 4500LS | D11: 0 | E11: N/A | F11: No information at this time | G11: =IF(ISNUMBER(SEARCH("!HAS TIMER DISPLAYS!", F11)), "Tablet/Remote Display: Timer Display", IF(E11="No", "Tablet/Remote Display: Numeric Code", IF(E11="Yes", "User Prompted (Entry Method)", "")))
A12: Easepal | B12: YH-8382L | C12: 7200H Pinnacle | D12: =COUNTIF('Error Code Log'!B:B, C12) -> 24 | E12: Yes | F12: Press and hold the KNEAD + TAP + POWER buttons on the controller for two seconds to turn on or turn off the automatic analysis system/auto-checking model. | G12: =IF(ISNUMBER(SEARCH("!HAS TIMER DISPLAYS!", F12)), "Tablet/Remote Display: Timer Display", IF(E12="No", "Tablet/Remote Display: Numeric Code", IF(E12="Yes", "User Prompted (Entry Method)", ""))) -> User Prompted (Entry Method)
A13: Easepal | B13: Unknown | C13: Ace II | D13: =COUNTIF('Error Code Log'!$B:$B, C13) -> 0 | E13: N/A | F13: (No Error Codes) | G13: =IF(ISNUMBER(SEARCH("!HAS TIMER DISPLAYS!", F13)), "Tablet/Remote Display: Timer Display", IF(E13="No", "Tablet/Remote Display: Numeric Code", IF(E13="Yes", "User Prompted (Entry Method)", "")))
A14: Easepal | B14: EC-7506Q | C14: Admiral II | D14: =COUNTIF('Error Code Log'!B:B, C14) -> 27 | E14: Yes | F14: Enter the settings page, press the blank at the bottom of the settings page for a long time, pop up the page and enter the password 0592, enter the mode selection page, select the AUTO key, and switch to the self-checking mode. | G14: =IF(ISNUMBER(SEARCH("!HAS TIMER DISPLAYS!", F14)), "Tablet/Remote Display: Timer Display", IF(E14="No", "Tablet/Remote Display: Numeric Code", IF(E14="Yes", "User Prompted (Entry Method)", ""))) -> User Prompted (Entry Method)
A15: Easepal | B15: Unknown | C15: Alma II | D15: =COUNTIF('Error Code Log'!$B:$B, C15) -> 0 | E15: N/A | F15: No information at this time | G15: =IF(ISNUMBER(SEARCH("!HAS TIMER DISPLAYS!", F15)), "Tablet/Remote Display: Timer Display", IF(E15="No", "Tablet/Remote Display: Numeric Code", IF(E15="Yes", "User Prompted (Entry Method)", "")))
A16: Easepal | B16: Unknown | C16: Alpina | D16: =COUNTIF('Error Code Log'!$B:$B, C16) -> 0 | E16: N/A | F16: (No Error Codes) | G16: =IF(ISNUMBER(SEARCH("!HAS TIMER DISPLAYS!", F16)), "Tablet/Remote Display: Timer Display", IF(E16="No", "Tablet/Remote Display: Numeric Code", IF(E16="Yes", "User Prompted (Entry Method)", "")))
A17: Easepal | B17: EC-621C | C17: Alpine | D17: =COUNTIF('Error Code Log'!$B:$B, C17) -> 0 | E17: N/A | F17: (No Error Codes) | G17: =IF(ISNUMBER(SEARCH("!HAS TIMER DISPLAYS!", F17)), "Tablet/Remote Display: Timer Display", IF(E17="No", "Tablet/Remote Display: Numeric Code", IF(E17="Yes", "User Prompted (Entry Method)", "")))
A18: Easepal | B18: YH-8382L | C18: Arcadia 3D LE | D18: 8 | E18: No | G18: =IF(ISNUMBER(SEARCH("!HAS TIMER DISPLAYS!", F18)), "Tablet/Remote Display: Timer Display", IF(E18="No", "Tablet/Remote Display: Numeric Code", IF(E18="Yes", "User Prompted (Entry Method)", ""))) -> Tablet/Remote Display: Numeric Code
A19: Easepal | B19: EC-3622A | C19: Aspire | D19: 17 | E19: Yes | F19: On/Off: Press and hold the Settings lettering in Settings for 4 seconds to enter the password field, enter 0592, and enter the engineering mode interface. | G19: =IF(ISNUMBER(SEARCH("!HAS TIMER DISPLAYS!", F19)), "Tablet/Remote Display: Timer Display", IF(E19="No", "Tablet/Remote Display: Numeric Code", IF(E19="Yes", "User Prompted (Entry Method)", ""))) -> User Prompted (Entry Method)
A20: Easepal | B20: Unknown | C20: Aurora | D20: =COUNTIF('Error Code Log'!$B:$B, C20) -> 0 | E20: N/A | F20: No information at this time | G20: =IF(ISNUMBER(SEARCH("!HAS TIMER DISPLAYS!", F20)), "Tablet/Remote Display: Timer Display", IF(E20="No", "Tablet/Remote Display: Numeric Code", IF(E20="Yes", "User Prompted (Entry Method)", "")))
A21: Easepal | B21: Unknown | C21: Bello | D21: =COUNTIF('Error Code Log'!$B:$B, C21) -> 0 | E21: N/A | F21: (No Error Codes) | G21: =IF(ISNUMBER(SEARCH("!HAS TIMER DISPLAYS!", F21)), "Tablet/Remote Display: Timer Display", IF(E21="No", "Tablet/Remote Display: Numeric Code", IF(E21="Yes", "User Prompted (Entry Method)", "")))
A22: Easepal | B22: OGI-3210G | C22: Champ | D22: =COUNTIF('Error Code Log'!$B:$B, C22) -> 0 | E22: N/A | F22: (No Error Codes) | G22: =IF(ISNUMBER(SEARCH("!HAS TIMER DISPLAYS!", F22)), "Tablet/Remote Display: Timer Display", IF(E22="No", "Tablet/Remote Display: Numeric Code", IF(E22="Yes", "User Prompted (Entry Method)", "")))
A23: Easepal | B23: YH-8380L | C23: Champ II | D23: =COUNTIF('Error Code Log'!$B:$B, C23) -> 0 | E23: N/A | F23: (No Error Codes) | G23: =IF(ISNUMBER(SEARCH("!HAS TIMER DISPLAYS!", F23)), "Tablet/Remote Display: Timer Display", IF(E23="No", "Tablet/Remote Display: Numeric Code", IF(E23="Yes", "User Prompted (Entry Method)", "")))
A24: Easepal | B24: Unknown | C24: Commander | D24: =COUNTIF('Error Code Log'!$B:$B, C24) -> 0 | E24: N/A | F24: (No Error Codes) | G24: =IF(ISNUMBER(SEARCH("!HAS TIMER DISPLAYS!", F24)), "Tablet/Remote Display: Timer Display", IF(E24="No", "Tablet/Remote Display: Numeric Code", IF(E24="Yes", "User Prompted (Entry Method)", "")))
A25: Easepal | B25: EC-381E | C25: Cyber | D25: 20 | E25: Yes | F25: !HAS TIMER DISPLAYS! KNEAD + TAP + POWER (buttons on the controller), press and hold the three buttons in two seconds to turn on the automatic analysis system mode. | G25: =IF(ISNUMBER(SEARCH("!HAS TIMER DISPLAYS!", F25)), "Tablet/Remote Display: Timer Display", IF(E25="No", "Tablet/Remote Display: Numeric Code", IF(E25="Yes", "User Prompted (Entry Method)", ""))) -> Tablet/Remote Display: Timer Display
A26: Easepal | B26: EC-8606B | C26: Emperor | D26: =COUNTIFS('Error Code Log'!B:B, C26) -> 22 | E26: No | G26: =IF(ISNUMBER(SEARCH("!HAS TIMER DISPLAYS!", F26)), "Tablet/Remote Display: Timer Display", IF(E26="No", "Tablet/Remote Display: Numeric Code", IF(E26="Yes", "User Prompted (Entry Method)", ""))) -> Tablet/Remote Display: Numeric Code
A27: Easepal | B27: EC-8608S | C27: Emperor II | D27: 0 | E27: N/A | F27: No information at this time | G27: =IF(ISNUMBER(SEARCH("!HAS TIMER DISPLAYS!", F27)), "Tablet/Remote Display: Timer Display", IF(E27="No", "Tablet/Remote Display: Numeric Code", IF(E27="Yes", "User Prompted (Entry Method)", "")))
A28: Easepal | B28: EC-7516E | C28: Envy | D28: =COUNTIFS('Error Code Log'!B:B, C28) -> 30 | E28: No | G28: =IF(ISNUMBER(SEARCH("!HAS TIMER DISPLAYS!", F28)), "Tablet/Remote Display: Timer Display", IF(E28="No", "Tablet/Remote Display: Numeric Code", IF(E28="Yes", "User Prompted (Entry Method)", ""))) -> Tablet/Remote Display: Numeric Code
A29: Easepal | B29: EC-8638A | C29: Escape Duo | D29: =COUNTIFS('Error Code Log'!B:B, C29) -> 45 | E29: Yes | F29: Select Auto Check in Menu | G29: =IF(ISNUMBER(SEARCH("!HAS TIMER DISPLAYS!", F29)), "Tablet/Remote Display: Timer Display", IF(E29="No", "Tablet/Remote Display: Numeric Code", IF(E29="Yes", "User Prompted (Entry Method)", ""))) -> User Prompted (Entry Method)
A30: Easepal | B30: EC-8606B | C30: Hilux | D30: =COUNTIFS('Error Code Log'!B:B, C30) -> 22 | E30: No | G30: =IF(ISNUMBER(SEARCH("!HAS TIMER DISPLAYS!", F30)), "Tablet/Remote Display: Timer Display", IF(E30="No", "Tablet/Remote Display: Numeric Code", IF(E30="Yes", "User Prompted (Entry Method)", ""))) -> Tablet/Remote Display: Numeric Code
A31: Easepal | B31: EI-8602A | C31: Hiro LT | D31: =COUNTIFS('Error Code Log'!B:B, C31) -> 13 | E31: No | G31: =IF(ISNUMBER(SEARCH("!HAS TIMER DISPLAYS!", F31)), "Tablet/Remote Display: Timer Display", IF(E31="No", "Tablet/Remote Display: Numeric Code", IF(E31="Yes", "User Prompted (Entry Method)", ""))) -> Tablet/Remote Display: Numeric Code
A32: Easepal | B32: Unknown | C32: Honor | D32: =COUNTIFS('Error Code Log'!B:B, C32) -> 12 | E32: No | G32: =IF(ISNUMBER(SEARCH("!HAS TIMER DISPLAYS!", F32)), "Tablet/Remote Display: Timer Display", IF(E32="No", "Tablet/Remote Display: Numeric Code", IF(E32="Yes", "User Prompted (Entry Method)", ""))) -> Tablet/Remote Display: Numeric Code
A33: Easepal | B33: EC-6701B | C33: Hypnos | D33: 22 | E33: No | G33: =IF(ISNUMBER(SEARCH("!HAS TIMER DISPLAYS!", F33)), "Tablet/Remote Display: Timer Display", IF(E33="No", "Tablet/Remote Display: Numeric Code", IF(E33="Yes", "User Prompted (Entry Method)", ""))) -> Tablet/Remote Display: Numeric Code
A34: Easepal | B34: EC-3209M | C34: Juno II | D34: =COUNTIFS('Error Code Log'!B:B, C34) -> 17 | E34: No | F34: !HAS TIMER DISPLAYS! | G34: =IF(ISNUMBER(SEARCH("!HAS TIMER DISPLAYS!", F34)), "Tablet/Remote Display: Timer Display", IF(E34="No", "Tablet/Remote Display: Numeric Code", IF(E34="Yes", "User Prompted (Entry Method)", ""))) -> Tablet/Remote Display: Timer Display
A35: Easepal | B35: EI-8602A | C35: Luca V | D35: =COUNTIF('Error Code Log'!$B:$B, C35) -> 0 | E35: N/A | F35: (No Error Codes) | G35: =IF(ISNUMBER(SEARCH("!HAS TIMER DISPLAYS!", F35)), "Tablet/Remote Display: Timer Display", IF(E35="No", "Tablet/Remote Display: Numeric Code", IF(E35="Yes", "User Prompted (Entry Method)", "")))
A36: Easepal | B36: EC-806A | C36: Maestro | D36: =COUNTIF('Error Code Log'!B:B, "Maestro") -> 22 | E36: No | G36: =IF(ISNUMBER(SEARCH("!HAS TIMER DISPLAYS!", F36)), "Tablet/Remote Display: Timer Display", IF(E36="No", "Tablet/Remote Display: Numeric Code", IF(E36="Yes", "User Prompted (Entry Method)", ""))) -> Tablet/Remote Display: Numeric Code
A37: Easepal | B37: EC-806C | C37: Maestro LE | D37: =COUNTIF('Error Code Log'!B:B, "Maestro LE") -> 22 | E37: No | G37: =IF(ISNUMBER(SEARCH("!HAS TIMER DISPLAYS!", F37)), "Tablet/Remote Display: Timer Display", IF(E37="No", "Tablet/Remote Display: Numeric Code", IF(E37="Yes", "User Prompted (Entry Method)", ""))) -> Tablet/Remote Display: Numeric Code
A38: Easepal | B38: EC-806R | C38: Maestro LE 2.0 | D38: =COUNTIF('Error Code Log'!B:B, "Maestro LE 2.0") -> 22 | E38: No | G38: =IF(ISNUMBER(SEARCH("!HAS TIMER DISPLAYS!", F38)), "Tablet/Remote Display: Timer Display", IF(E38="No", "Tablet/Remote Display: Numeric Code", IF(E38="Yes", "User Prompted (Entry Method)", ""))) -> Tablet/Remote Display: Numeric Code
A39: Easepal | B39: EC-8507B | C39: Manhattan Duo | D39: =COUNTIF('Error Code Log'!B:B, "Manhattan Duo") -> 43 | E39: No | G39: =IF(ISNUMBER(SEARCH("!HAS TIMER DISPLAYS!", F39)), "Tablet/Remote Display: Timer Display", IF(E39="No", "Tablet/Remote Display: Numeric Code", IF(E39="Yes", "User Prompted (Entry Method)", ""))) -> Tablet/Remote Display: Numeric Code
A40: Easepal | B40: EI-8701C | C40: Master | D40: =COUNTIF('Error Code Log'!B:B, "Master") -> 29 | E40: No | G40: =IF(ISNUMBER(SEARCH("!HAS TIMER DISPLAYS!", F40)), "Tablet/Remote Display: Timer Display", IF(E40="No", "Tablet/Remote Display: Numeric Code", IF(E40="Yes", "User Prompted (Entry Method)", ""))) -> Tablet/Remote Display: Numeric Code
A41: Easepal | B41: EC-624C | C41: Maxim | D41: =COUNTIF('Error Code Log'!$B:$B, C41) -> 17 | E41: Yes | F41: Start/Stop : DEEP TISSUE + STRETCH + POWER Keep press these three keys for 2 second,then it is start/stop auto-check mode | G41: =IF(ISNUMBER(SEARCH("!HAS TIMER DISPLAYS!", F41)), "Tablet/Remote Display: Timer Display", IF(E41="No", "Tablet/Remote Display: Numeric Code", IF(E41="Yes", "User Prompted (Entry Method)", ""))) -> User Prompted (Entry Method)
A42: Easepal | B42: EI-8502A | C42: Maxim LE | D42: 12 | E42: Yes | F42: (1) Under the condition of shutdown, At the same time, hold down the power and the bottom buttons (first and second to the left), and you will hear a beep of the hand controller in a few seconds. (2) Select one of the two project patterns shown in the following figure as needed | G42: =IF(ISNUMBER(SEARCH("!HAS TIMER DISPLAYS!", F42)), "Tablet/Remote Display: Timer Display", IF(E42="No", "Tablet/Remote Display: Numeric Code", IF(E42="Yes", "User Prompted (Entry Method)", ""))) -> User Prompted (Entry Method)
A43: Easepal | B43: RK-1902S | C43: Monarch LE | D43: =COUNTIF('Error Code Log'!$B:$B, C43) -> 0 | E43: N/A | F43: No information at this time | G43: =IF(ISNUMBER(SEARCH("!HAS TIMER DISPLAYS!", F43)), "Tablet/Remote Display: Timer Display", IF(E43="No", "Tablet/Remote Display: Numeric Code", IF(E43="Yes", "User Prompted (Entry Method)", "")))
A44: Easepal | B44: EC-8607 | C44: Nexus | D44: 23 | E44: No | G44: =IF(ISNUMBER(SEARCH("!HAS TIMER DISPLAYS!", F44)), "Tablet/Remote Display: Timer Display", IF(E44="No", "Tablet/Remote Display: Numeric Code", IF(E44="Yes", "User Prompted (Entry Method)", ""))) -> Tablet/Remote Display: Numeric Code
A45: Easepal | B45: E-622A | C45: Omni | D45: 0 | E45: N/A | F45: (No Error Codes) | G45: =IF(ISNUMBER(SEARCH("!HAS TIMER DISPLAYS!", F45)), "Tablet/Remote Display: Timer Display", IF(E45="No", "Tablet/Remote Display: Numeric Code", IF(E45="Yes", "User Prompted (Entry Method)", "")))
A46: Easepal | B46: EI-5501C | C46: Optimus | D46: =IF(C46<>"", COUNTIF('Error Code Log'!B:B, C46), IF(A46<>"", COUNTIF('Error Code Log'!A:A, A46), "")) -> 9 | E46: No | G46: =IF(ISNUMBER(SEARCH("!HAS TIMER DISPLAYS!", F46)), "Tablet/Remote Display: Timer Display", IF(E46="No", "Tablet/Remote Display: Numeric Code", IF(E46="Yes", "User Prompted (Entry Method)", ""))) -> Tablet/Remote Display: Numeric Code
A47: Easepal | B47: EC-7513A | C47: Opulent | D47: 31 | E47: No | G47: =IF(ISNUMBER(SEARCH("!HAS TIMER DISPLAYS!", F47)), "Tablet/Remote Display: Timer Display", IF(E47="No", "Tablet/Remote Display: Numeric Code", IF(E47="Yes", "User Prompted (Entry Method)", ""))) -> Tablet/Remote Display: Numeric Code
A48: Easepal | B48: 5623A | C48: Orion Duo | D48: 32 | E48: Yes | F48: - Continuously click on the product configuration, enter the password interface, input 0592 or 1234 to enter the engineering mode interface. | G48: =IF(ISNUMBER(SEARCH("!HAS TIMER DISPLAYS!", F48)), "Tablet/Remote Display: Timer Display", IF(E48="No", "Tablet/Remote Display: Numeric Code", IF(E48="Yes", "User Prompted (Entry Method)", ""))) -> User Prompted (Entry Method)
A49: Easepal | B49: 3300C | C49: Otamic LE | D49: 22 | E49: No | G49: =IF(ISNUMBER(SEARCH("!HAS TIMER DISPLAYS!", F49)), "Tablet/Remote Display: Timer Display", IF(E49="No", "Tablet/Remote Display: Numeric Code", IF(E49="Yes", "User Prompted (Entry Method)", ""))) -> Tablet/Remote Display: Numeric Code
A50: Easepal | B50: EC-3209M | C50: Pandora | D50: =COUNTIF('Error Code Log'!$B:$B, C50) -> 17 | E50: No | F50: !HAS TIMER DISPLAYS! | G50: =IF(ISNUMBER(SEARCH("!HAS TIMER DISPLAYS!", F50)), "Tablet/Remote Display: Timer Display", IF(E50="No", "Tablet/Remote Display: Numeric Code", IF(E50="Yes", "User Prompted (Entry Method)", ""))) -> Tablet/Remote Display: Timer Display
A51: Easepal | B51: EI-6501A | C51: Premium | D51: 9 | E51: Yes | F51: (1) Under the condition of shutdown, At the same time, hold down the three keys (Power, Strengthen and Relax), and you will hear a beep of the hand controller in a few seconds. | G51: =IF(ISNUMBER(SEARCH("!HAS TIMER DISPLAYS!", F51)), "Tablet/Remote Display: Timer Display", IF(E51="No", "Tablet/Remote Display: Numeric Code", IF(E51="Yes", "User Prompted (Entry Method)", ""))) -> User Prompted (Entry Method)
A52: Easepal | B52: EI-6501A | C52: Prestige | D52: 9 | E52: Yes | F52: (1) Under the condition of shutdown, At the same time, hold down the three keys (Power, Strengthen and Relax), and you will hear a beep of the hand controller in a few seconds. | G52: =IF(ISNUMBER(SEARCH("!HAS TIMER DISPLAYS!", F52)), "Tablet/Remote Display: Timer Display", IF(E52="No", "Tablet/Remote Display: Numeric Code", IF(E52="Yes", "User Prompted (Entry Method)", ""))) -> User Prompted (Entry Method)
A53: Easepal | B53: EI-6501E | C53: Prestige 2.0 | D53: 9 | E53: Yes | F53: (1) Under the condition of shutdown, At the same time, hold down the three keys (Power, Strengthen and Relax), and you will hear a beep of the hand controller in a few seconds. | G53: =IF(ISNUMBER(SEARCH("!HAS TIMER DISPLAYS!", F53)), "Tablet/Remote Display: Timer Display", IF(E53="No", "Tablet/Remote Display: Numeric Code", IF(E53="Yes", "User Prompted (Entry Method)", ""))) -> User Prompted (Entry Method)
A54: Easepal | B54: EC-1616C | C54: Quest | D54: 17 | E54: Yes | F54: Long press the settings wording at the top for 4 seconds to enter the password screen, enter 0592 to access the Engineering Mode interface. | G54: =IF(ISNUMBER(SEARCH("!HAS TIMER DISPLAYS!", F54)), "Tablet/Remote Display: Timer Display", IF(E54="No", "Tablet/Remote Display: Numeric Code", IF(E54="Yes", "User Prompted (Entry Method)", ""))) -> User Prompted (Entry Method)
A55: Easepal | B55: YH-7235 | C55: R7 LE | D55: =COUNTIF('Error Code Log'!$B:$B, C55) -> 0 | E55: N/A | F55: (No Error Codes) | G55: =IF(ISNUMBER(SEARCH("!HAS TIMER DISPLAYS!", F55)), "Tablet/Remote Display: Timer Display", IF(E55="No", "Tablet/Remote Display: Numeric Code", IF(E55="Yes", "User Prompted (Entry Method)", "")))
A56: Easepal | B56: EC-7512A | C56: Sigma | D56: 31 | E56: No | G56: =IF(ISNUMBER(SEARCH("!HAS TIMER DISPLAYS!", F56)), "Tablet/Remote Display: Timer Display", IF(E56="No", "Tablet/Remote Display: Numeric Code", IF(E56="Yes", "User Prompted (Entry Method)", ""))) -> Tablet/Remote Display: Numeric Code
A57: Easepal | B57: EC-626F | C57: SOHO | D57: 0 | E57: N/A | F57: (No Error Codes) | G57: =IF(ISNUMBER(SEARCH("!HAS TIMER DISPLAYS!", F57)), "Tablet/Remote Display: Timer Display", IF(E57="No", "Tablet/Remote Display: Numeric Code", IF(E57="Yes", "User Prompted (Entry Method)", "")))
A58: Easepal | B58: EC-626E | C58: SOHO II | D58: 13 | E58: No | G58: =IF(ISNUMBER(SEARCH("!HAS TIMER DISPLAYS!", F58)), "Tablet/Remote Display: Timer Display", IF(E58="No", "Tablet/Remote Display: Numeric Code", IF(E58="Yes", "User Prompted (Entry Method)", ""))) -> Tablet/Remote Display: Numeric Code
A59: Easepal | B59: EC-6701A | C59: Somnus Duo | D59: 36 | E59: No | G59: =IF(ISNUMBER(SEARCH("!HAS TIMER DISPLAYS!", F59)), "Tablet/Remote Display: Timer Display", IF(E59="No", "Tablet/Remote Display: Numeric Code", IF(E59="Yes", "User Prompted (Entry Method)", ""))) -> Tablet/Remote Display: Numeric Code
A60: Easepal | B60: AG-6006A | C60: Sonno XT-1 | D60: =COUNTIF('Error Code Log'!$B:$B, C60) -> 0 | E60: N/A | F60: (No Error Codes) | G60: =IF(ISNUMBER(SEARCH("!HAS TIMER DISPLAYS!", F60)), "Tablet/Remote Display: Timer Display", IF(E60="No", "Tablet/Remote Display: Numeric Code", IF(E60="Yes", "User Prompted (Entry Method)", "")))
A61: Easepal | B61: AG-6006A | C61: Sonno XT-2 Leather | D61: =COUNTIF('Error Code Log'!$B:$B, C61) -> 0 | E61: N/A | F61: (No Error Codes) | G61: =IF(ISNUMBER(SEARCH("!HAS TIMER DISPLAYS!", F61)), "Tablet/Remote Display: Timer Display", IF(E61="No", "Tablet/Remote Display: Numeric Code", IF(E61="Yes", "User Prompted (Entry Method)", "")))
A62: Easepal | B62: 3300C | C62: Tecno | D62: 22 | E62: No | G62: =IF(ISNUMBER(SEARCH("!HAS TIMER DISPLAYS!", F62)), "Tablet/Remote Display: Timer Display", IF(E62="No", "Tablet/Remote Display: Numeric Code", IF(E62="Yes", "User Prompted (Entry Method)", ""))) -> Tablet/Remote Display: Numeric Code
A63: Easepal | B63: EC-6262J | C63: Vera | D63: 17 | E63: Yes | F63: Press and hold Settings wording at the top for 4 seconds, Enter the password interface, Password 0592, enter auto-check mode | G63: =IF(ISNUMBER(SEARCH("!HAS TIMER DISPLAYS!", F63)), "Tablet/Remote Display: Timer Display", IF(E63="No", "Tablet/Remote Display: Numeric Code", IF(E63="Yes", "User Prompted (Entry Method)", ""))) -> User Prompted (Entry Method)
A64: Easepal | B64: YH-8382L | C64: Vesper | D64: 24 | E64: Yes | F64: Press and hold the KNEAD + TAP + POWER buttons on the controller for two seconds to turn on or turn off the automatic analysis system/auto-checking model. | G64: =IF(ISNUMBER(SEARCH("!HAS TIMER DISPLAYS!", F64)), "Tablet/Remote Display: Timer Display", IF(E64="No", "Tablet/Remote Display: Numeric Code", IF(E64="Yes", "User Prompted (Entry Method)", ""))) -> User Prompted (Entry Method)
A65: Easepal | B65: EC-8610E | C65: Vigor | D65: 27 | E65: Yes | F65: enter auto-check mode | G65: =IF(ISNUMBER(SEARCH("!HAS TIMER DISPLAYS!", F65)), "Tablet/Remote Display: Timer Display", IF(E65="No", "Tablet/Remote Display: Numeric Code", IF(E65="Yes", "User Prompted (Entry Method)", ""))) -> User Prompted (Entry Method)
A66: Easepal | B66: EC-3211A | C66: Vista | D66: =COUNTIF('Error Code Log'!$B:$B, C66) -> 13 | E66: Yes | F66: Mix; -4 displayed numeric codes -9 Timer Display Codes | G66: =IF(ISNUMBER(SEARCH("!HAS TIMER DISPLAYS!", F66)), "Tablet/Remote Display: Timer Display", IF(E66="No", "Tablet/Remote Display: Numeric Code", IF(E66="Yes", "User Prompted (Entry Method)", ""))) -> User Prompted (Entry Method)
A67: Easepal | B67: EC-3628G | C67: Vito | D67: 15 | E67: No | G67: =IF(ISNUMBER(SEARCH("!HAS TIMER DISPLAYS!", F67)), "Tablet/Remote Display: Timer Display", IF(E67="No", "Tablet/Remote Display: Numeric Code", IF(E67="Yes", "User Prompted (Entry Method)", ""))) -> Tablet/Remote Display: Numeric Code
A68: Easepal | B68: EC-6706A | C68: Vivant | D68: 25 | E68: Yes | F68: Continuously click the start button to enter automatic detection | G68: =IF(ISNUMBER(SEARCH("!HAS TIMER DISPLAYS!", F68)), "Tablet/Remote Display: Timer Display", IF(E68="No", "Tablet/Remote Display: Numeric Code", IF(E68="Yes", "User Prompted (Entry Method)", ""))) -> User Prompted (Entry Method)
A69: Easepal | B69: EI-8701C | C69: X-Rest | D69: 29 | E69: No | G69: =IF(ISNUMBER(SEARCH("!HAS TIMER DISPLAYS!", F69)), "Tablet/Remote Display: Timer Display", IF(E69="No", "Tablet/Remote Display: Numeric Code", IF(E69="Yes", "User Prompted (Entry Method)", ""))) -> Tablet/Remote Display: Numeric Code
A70: Easepal | B70: EC-629B | C70: Yamato | D70: =COUNTIF('Error Code Log'!$B:$B, C70) -> 0 | E70: N/A | F70: (No Error Codes) | G70: =IF(ISNUMBER(SEARCH("!HAS TIMER DISPLAYS!", F70)), "Tablet/Remote Display: Timer Display", IF(E70="No", "Tablet/Remote Display: Numeric Code", IF(E70="Yes", "User Prompted (Entry Method)", "")))
A71: Easepal | B71: EC-6607B | C71: Yoga Flex | D71: 18 | E71: Yes | F71: Long press Settings wording at the top for 4 seconds, enter the password interface, input 1234, enter the engineering mode interface. | G71: =IF(ISNUMBER(SEARCH("!HAS TIMER DISPLAYS!", F71)), "Tablet/Remote Display: Timer Display", IF(E71="No", "Tablet/Remote Display: Numeric Code", IF(E71="Yes", "User Prompted (Entry Method)", ""))) -> User Prompted (Entry Method)
A72: Easepal | B72: ES-3218D1 | C72: Zena | D72: =COUNTIF('Error Code Log'!$B:$B, C72) -> 0 | E72: N/A | F72: No information at this time | G72: =IF(ISNUMBER(SEARCH("!HAS TIMER DISPLAYS!", F72)), "Tablet/Remote Display: Timer Display", IF(E72="No", "Tablet/Remote Display: Numeric Code", IF(E72="Yes", "User Prompted (Entry Method)", "")))
A73: Fujian Rovos | B73: Unknown | C73: Q7 | D73: 0 | E73: N/A | F73: (No Error Codes) | G73: =IF(ISNUMBER(SEARCH("!HAS TIMER DISPLAYS!", F73)), "Tablet/Remote Display: Timer Display", IF(E73="No", "Tablet/Remote Display: Numeric Code", IF(E73="Yes", "User Prompted (Entry Method)", "")))
A74: Fujian Rovos | B74: Unknown | C74: R7 | D74: =COUNTIF('Error Code Log'!$B:$B, C74) -> 0 | E74: N/A | F74: (No Error Codes) | G74: =IF(ISNUMBER(SEARCH("!HAS TIMER DISPLAYS!", F74)), "Tablet/Remote Display: Timer Display", IF(E74="No", "Tablet/Remote Display: Numeric Code", IF(E74="Yes", "User Prompted (Entry Method)", "")))
A75: GoJoy | B75: Unknown | C75: Omega | D75: 0 | E75: N/A | F75: (No Error Codes) | G75: =IF(ISNUMBER(SEARCH("!HAS TIMER DISPLAYS!", F75)), "Tablet/Remote Display: Timer Display", IF(E75="No", "Tablet/Remote Display: Numeric Code", IF(E75="Yes", "User Prompted (Entry Method)", "")))
A76: GoJoy | B76: Unknown | C76: OPPO | D76: 0 | E76: N/A | F76: (No Error Codes) | G76: =IF(ISNUMBER(SEARCH("!HAS TIMER DISPLAYS!", F76)), "Tablet/Remote Display: Timer Display", IF(E76="No", "Tablet/Remote Display: Numeric Code", IF(E76="Yes", "User Prompted (Entry Method)", "")))
A77: GoJoy | B77: unknown | C77: Prime | D77: =COUNTIF('Error Code Log'!$B:$B, C77) -> 0 | E77: N/A | F77: No information at this time | G77: =IF(ISNUMBER(SEARCH("!HAS TIMER DISPLAYS!", F77)), "Tablet/Remote Display: Timer Display", IF(E77="No", "Tablet/Remote Display: Numeric Code", IF(E77="Yes", "User Prompted (Entry Method)", "")))
A78: Inada | B78: HCP−LPN30000A | C78: Robo | D78: 37 | E78: No | G78: =IF(ISNUMBER(SEARCH("!HAS TIMER DISPLAYS!", F78)), "Tablet/Remote Display: Timer Display", IF(E78="No", "Tablet/Remote Display: Numeric Code", IF(E78="Yes", "User Prompted (Entry Method)", ""))) -> Tablet/Remote Display: Numeric Code
A79: iRest | B79: A385 | C79: 8400 | D79: =COUNTIF('Error Code Log'!B:B, C79) -> 3 | E79: No | G79: =IF(ISNUMBER(SEARCH("!HAS TIMER DISPLAYS!", F79)), "Tablet/Remote Display: Timer Display", IF(E79="No", "Tablet/Remote Display: Numeric Code", IF(E79="Yes", "User Prompted (Entry Method)", ""))) -> Tablet/Remote Display: Numeric Code
A80: iRest | B80: A202-2 | C80: 3D LTX | D80: =IF(C80<>"", COUNTIF('Error Code Log'!B:B, C80), IF(A80<>"", COUNTIF('Error Code Log'!A:A, A80), "")) -> 15 | E80: Yes | F80: 1. Press the 'calf down' + 'stand' buttons at the same time, 2. press the 'zero gravity' button to enter. Power off to exit. | G80: =IF(ISNUMBER(SEARCH("!HAS TIMER DISPLAYS!", F80)), "Tablet/Remote Display: Timer Display", IF(E80="No", "Tablet/Remote Display: Numeric Code", IF(E80="Yes", "User Prompted (Entry Method)", ""))) -> User Prompted (Entry Method)
A81: iRest | B81: A385 | C81: 8500 | D81: =IF(C81<>"", COUNTIF('Error Code Log'!B:B, C81), IF(A81<>"", COUNTIF('Error Code Log'!A:A, A81), "")) -> 3 | E81: No | G81: =IF(ISNUMBER(SEARCH("!HAS TIMER DISPLAYS!", F81)), "Tablet/Remote Display: Timer Display", IF(E81="No", "Tablet/Remote Display: Numeric Code", IF(E81="Yes", "User Prompted (Entry Method)", ""))) -> Tablet/Remote Display: Numeric Code
A82: iRest | B82: A502-S | C82: Acro | D82: =IF(C82<>"", COUNTIF('Error Code Log'!B:B, C82), IF(A82<>"", COUNTIF('Error Code Log'!A:A, A82), "")) -> 15 | E82: Yes | F82: Key combination: 1. Press 'lower leg' + 'backrest' + 'lying down' keys at the same time 2. then press the 'menu' key. | G82: =IF(ISNUMBER(SEARCH("!HAS TIMER DISPLAYS!", F82)), "Tablet/Remote Display: Timer Display", IF(E82="No", "Tablet/Remote Display: Numeric Code", IF(E82="Yes", "User Prompted (Entry Method)", ""))) -> User Prompted (Entry Method)
A83: iRest | B83: A601-2 | C83: Allure | D83: 33 | E83: Yes | F83: 1. Power on 2. Key Combination: press the 'leg lower' + 'backrest up' + 'lying down' keys at the same time, 3. Then press the 'menu' key to enter the TEST mode. The LC + error code display will come out; showing 00 indicates that there is no error. | G83: =IF(ISNUMBER(SEARCH("!HAS TIMER DISPLAYS!", F83)), "Tablet/Remote Display: Timer Display", IF(E83="No", "Tablet/Remote Display: Numeric Code", IF(E83="Yes", "User Prompted (Entry Method)", ""))) -> User Prompted (Entry Method)
A84: iRest | B84: A385 | C84: Alpha | D84: =IF(C84<>"", COUNTIF('Error Code Log'!B:B, C84), IF(A84<>"", COUNTIF('Error Code Log'!A:A, A84), "")) -> 3 | E84: No | G84: =IF(ISNUMBER(SEARCH("!HAS TIMER DISPLAYS!", F84)), "Tablet/Remote Display: Timer Display", IF(E84="No", "Tablet/Remote Display: Numeric Code", IF(E84="Yes", "User Prompted (Entry Method)", ""))) -> Tablet/Remote Display: Numeric Code
A85: iRest | B85: Unknown | C85: Aster | D85: =IF(C85<>"", COUNTIF('Error Code Log'!B:B, C85), IF(A85<>"", COUNTIF('Error Code Log'!A:A, A85), "")) -> 12 | E85: No | G85: =IF(ISNUMBER(SEARCH("!HAS TIMER DISPLAYS!", F85)), "Tablet/Remote Display: Timer Display", IF(E85="No", "Tablet/Remote Display: Numeric Code", IF(E85="Yes", "User Prompted (Entry Method)", ""))) -> Tablet/Remote Display: Numeric Code
A86: iRest | B86: A3232-2 | C86: Astoria | D86: =COUNTIF('Error Code Log'!$B:$B, C86) -> 0 | E86: N/A | F86: No information at this time | G86: =IF(ISNUMBER(SEARCH("!HAS TIMER DISPLAYS!", F86)), "Tablet/Remote Display: Timer Display", IF(E86="No", "Tablet/Remote Display: Numeric Code", IF(E86="Yes", "User Prompted (Entry Method)", "")))
A87: iRest | B87: A661 | C87: Avalon | D87: 13 | E87: No | G87: =IF(ISNUMBER(SEARCH("!HAS TIMER DISPLAYS!", F87)), "Tablet/Remote Display: Timer Display", IF(E87="No", "Tablet/Remote Display: Numeric Code", IF(E87="Yes", "User Prompted (Entry Method)", ""))) -> Tablet/Remote Display: Numeric Code
A88: iRest | B88: A185 | C88: Bliss GL | D88: =IF(C88<>"", COUNTIF('Error Code Log'!B:B, C88), IF(A88<>"", COUNTIF('Error Code Log'!A:A, A88), "")) -> 0 | E88: N/A | F88: (No Error Codes) | G88: =IF(ISNUMBER(SEARCH("!HAS TIMER DISPLAYS!", F88)), "Tablet/Remote Display: Timer Display", IF(E88="No", "Tablet/Remote Display: Numeric Code", IF(E88="Yes", "User Prompted (Entry Method)", "")))
A89: iRest | B89: A185-2 | C89: Bliss VL PU | D89: =IF(C89<>"", COUNTIF('Error Code Log'!B:B, C89), IF(A89<>"", COUNTIF('Error Code Log'!A:A, A89), "")) -> 0 | E89: N/A | F89: (No Error Codes) | G89: =IF(ISNUMBER(SEARCH("!HAS TIMER DISPLAYS!", F89)), "Tablet/Remote Display: Timer Display", IF(E89="No", "Tablet/Remote Display: Numeric Code", IF(E89="Yes", "User Prompted (Entry Method)", "")))
A90: iRest | B90: A307-8 | C90: Cosmo | D90: 15 | E90: Yes | F90: Key combination: 1. Press 'lower leg' + 'backrest' + 'lying down' keys at the same time 2. then press the 'menu' key. | G90: =IF(ISNUMBER(SEARCH("!HAS TIMER DISPLAYS!", F90)), "Tablet/Remote Display: Timer Display", IF(E90="No", "Tablet/Remote Display: Numeric Code", IF(E90="Yes", "User Prompted (Entry Method)", ""))) -> User Prompted (Entry Method)
A91: iRest | B91: A801-8 | C91: DuoMax | D91: 33 | E91: Yes | F91: 1. Enter settings on tablet. 2. Tap "Product name 5 times" and chair will enter error detect mode 3. Return to home screen; top center of tablet will show error codes; 00=no error | G91: =IF(ISNUMBER(SEARCH("!HAS TIMER DISPLAYS!", F91)), "Tablet/Remote Display: Timer Display", IF(E91="No", "Tablet/Remote Display: Numeric Code", IF(E91="Yes", "User Prompted (Entry Method)", ""))) -> User Prompted (Entry Method)
A92: iRest | B92: A801-33 | C92: DuoMax SE | D92: 33 | E92: Yes | F92: 1. Enter settings on tablet. 2. Tap "Product name 5 times" and chair will enter error detect mode 3. Return to home screen; top center of tablet will show error codes; 00=no error | G92: =IF(ISNUMBER(SEARCH("!HAS TIMER DISPLAYS!", F92)), "Tablet/Remote Display: Timer Display", IF(E92="No", "Tablet/Remote Display: Numeric Code", IF(E92="Yes", "User Prompted (Entry Method)", ""))) -> User Prompted (Entry Method)
A93: iRest | B93: A3501-9 | C93: eCabin | D93: =COUNTIF('Error Code Log'!$B:$B, C93) -> 0 | E93: N/A | F93: No information at this time | G93: =IF(ISNUMBER(SEARCH("!HAS TIMER DISPLAYS!", F93)), "Tablet/Remote Display: Timer Display", IF(E93="No", "Tablet/Remote Display: Numeric Code", IF(E93="Yes", "User Prompted (Entry Method)", "")))
A94: iRest | B94: Unknown | C94: Elite | D94: 33 | E94: Yes | F94: Combination key: press lower calf + back up + recline at the same time. | G94: =IF(ISNUMBER(SEARCH("!HAS TIMER DISPLAYS!", F94)), "Tablet/Remote Display: Timer Display", IF(E94="No", "Tablet/Remote Display: Numeric Code", IF(E94="Yes", "User Prompted (Entry Method)", ""))) -> User Prompted (Entry Method)
A95: iRest | B95: A802-5 | C95: Escape | D95: 19 | E95: Yes | F95: Key combination: press Back + right navigation + lie down on the hand controller. | G95: =IF(ISNUMBER(SEARCH("!HAS TIMER DISPLAYS!", F95)), "Tablet/Remote Display: Timer Display", IF(E95="No", "Tablet/Remote Display: Numeric Code", IF(E95="Yes", "User Prompted (Entry Method)", ""))) -> User Prompted (Entry Method)
A96: iRest | B96: A100 | C96: First Class | D96: =IF(C96<>"", COUNTIF('Error Code Log'!B:B, C96), IF(A96<>"", COUNTIF('Error Code Log'!A:A, A96), "")) -> 34 | E96: No | G96: =IF(ISNUMBER(SEARCH("!HAS TIMER DISPLAYS!", F96)), "Tablet/Remote Display: Timer Display", IF(E96="No", "Tablet/Remote Display: Numeric Code", IF(E96="Yes", "User Prompted (Entry Method)", ""))) -> Tablet/Remote Display: Numeric Code
A97: iRest | B97: A3201-2 | C97: Forge | D97: =COUNTIF('Error Code Log'!$B:$B, C97) -> 0 | E97: N/A | F97: No information at this time | G97: =IF(ISNUMBER(SEARCH("!HAS TIMER DISPLAYS!", F97)), "Tablet/Remote Display: Timer Display", IF(E97="No", "Tablet/Remote Display: Numeric Code", IF(E97="Yes", "User Prompted (Entry Method)", "")))
A98: iRest | B98: A3580A | C98: Grande XL | D98: =IF(C98<>"", COUNTIF('Error Code Log'!B:B, C98), IF(A98<>"", COUNTIF('Error Code Log'!A:A, A98), "")) -> 0 | E98: N/A | F98: (No Error Codes) | G98: =IF(ISNUMBER(SEARCH("!HAS TIMER DISPLAYS!", F98)), "Tablet/Remote Display: Timer Display", IF(E98="No", "Tablet/Remote Display: Numeric Code", IF(E98="Yes", "User Prompted (Entry Method)", "")))
A99: iRest | B99: A601-2 | C99: Hamilton LE | D99: 33 | E99: Yes | F99: 1. Power on 2. Key Combination: press the 'leg lower' + 'backrest up' + 'lying down' keys at the same time, 3. Then press the 'menu' key to enter the TEST mode. The LC + error code display will come out; showing 00 indicates that there is no error. | G99: =IF(ISNUMBER(SEARCH("!HAS TIMER DISPLAYS!", F99)), "Tablet/Remote Display: Timer Display", IF(E99="No", "Tablet/Remote Display: Numeric Code", IF(E99="Yes", "User Prompted (Entry Method)", ""))) -> User Prompted (Entry Method)
A100: iRest | B100: A351-2 | C100: Harmony II | D100: 23 | E100: Yes | F100: 1. Press the "calf up" key first, then press the "get up" key at the same time. 2. Release both keys and immediately press the "zero gravity" key again. 3. If there is a fault code, it will be displayed in the upper left corner of the hand control LCD screen. | G100: =IF(ISNUMBER(SEARCH("!HAS TIMER DISPLAYS!", F100)), "Tablet/Remote Display: Timer Display", IF(E100="No", "Tablet/Remote Display: Numeric Code", IF(E100="Yes", "User Prompted (Entry Method)", ""))) -> User Prompted (Entry Method)
...

Sheet Error Code Log
A1: Manufacturer | B1: Chair Model | C1: Error Code | D1: Meaning | E1: Troubleshooting Steps | F1: Customer Repairable? | G1: Customer Instructions | H1: Display | I1: Parts Required
A2: iRest | B2: 3D LTX | C2: C1 - C5 | D2: Malfunction: Kneading motor Possible Causes: 1. Damage to the MOS tube of the kneading motor (cannot be controlled). 2. The main PCB is broken, circle number cannot be detected, and the motor is overcurrent. 3. The connecting wire of the manipulator is disconnected, or the plug-in is loose. | E2: Check whether the relevant accessories and wiring harness are in good condition; reorganize and replace them. | F2: No
A3: iRest | B3: 3D LTX | C3: C6 | D3: Malfunction: Damage to MOS tube of air pump (cannot be controlled) Possible Causes: 1. The plug-in is loose. 2. Drive board failure. 3. Open connection harness. | E3: Check whether the relevant circuits, wiring harnesses, and plug-ins are in good condition; reorganize or replace them. | F3: No
A4: iRest | B4: 3D LTX | C4: C7 | D4: Malfunction: Air pump not running, not connected Possible Causes: 1. The plug-in is loose. 2. Drive board failure. 3. Open connection harness. | E4: Check whether the relevant circuits, wiring harnesses, and plug-ins are in good condition; reorganize or replace them. | F4: No
A5: iRest | B5: 3D LTX | C5: C8 | D5: Malfunction: Stroke and overflow of air pump Possible Causes: 1. The plug-in is loose. 2. Drive board failure. 3. Open circuit of connecting wiring harness and overcurrent open circuit. | E5: Check whether the relevant circuits, wiring harnesses, and plug-ins are in good condition; reorganize or replace them. | F5: No
A6: iRest | B6: 3D LTX | C6: C9 | D6: Malfunction: Damage to leg heating MOS tube (cannot be controlled) Possible Causes: 1. The plug-in is loose. 2. Drive board failure. 3. Open circuit of connecting wiring harness and overcurrent open circuit. | E6: Check whether the relevant circuits, wiring harnesses, and plug-ins are in good condition; reorganize or replace them. | F6: No
A7: iRest | B7: 3D LTX | C7: CA / CB | D7: Malfunction: Leg heating is not running, not connected, or thermally protected Possible Causes: 1. The plug-in is loose. 2. Drive board failure. 3. Open circuit of connecting wiring harness and overcurrent open circuit. | E7: Check whether the relevant circuits, wiring harnesses, and plug-ins are in good condition; reorganize or replace them. | F7: No
A8: iRest | B8: 3D LTX | C8: E1 - E3 | D8: Malfunction: Tapping motor Possible Causes: 1. Damage to the MOS tube of the tapping motor (cannot be controlled). 2. The main PCB is broken, circle number cannot be detected, and the motor is overcurrent. 3. The connecting wire of the manipulator is disconnected, or the plug-in is loose. | E8: Check whether the relevant accessories and wiring harness are in good condition; reorganize and replace them. | F8: No
A9: iRest | B9: 3D LTX | C9: E4 - E9 | D9: Malfunction: Calf electric cylinder Possible Causes: 1. Overload or other reasons make the running speed of the calf electric cylinder very slow. 2. The main PCB is broken, plug-in looseness, and motor overcurrent. | E9: Check whether the relevant accessories and wiring harness are in good condition; reorganize and replace them. | F9: No
A10: iRest | B10: 3D LTX | C10: EA - EF | D10: Malfunction: Backrest electric cylinder Possible Causes: 1. Overload or other reasons make the running speed of the backrest electric cylinder very slow. 2. The main PCB is broken, plug-in looseness, and motor overcurrent. | E10: Check whether the relevant accessories and wiring harness are in good condition; reorganize and replace them. | F10: No
A11: iRest | B11: 3D LTX | C11: F1 - F6 | D11: Malfunction: Traveling motor Possible Causes: 1. Damage to the MOS tube of the traveling motor (cannot be controlled). 2. The main PCB is broken, circle number cannot be detected, and the motor is overcurrent. 3. The connecting wire of the manipulator is disconnected, or the plug-in is loose. | E11: Check whether the relevant accessories and wiring harness are in good condition; reorganize and replace them. | F11: No
A12: iRest | B12: 3D LTX | C12: F7 | D12: Malfunction: Power board 24V power supply Possible Causes: 1. The insurance burns out and the power supply is loose. 2. Poor switching power supply. | E12: Check whether the relevant circuits, wiring harnesses, and plug-ins are in good condition; reorganize or replace them. | F12: No
A13: iRest | B13: 3D LTX | C13: F8 | D13: Malfunction: Manipulator 24V power supply Possible Causes: 1. Poor switching power supply. 2. Main PCB failure. 3. The plug-in is loose. | E13: Check whether the relevant circuits, wiring harnesses, and plug-ins are in good condition; reorganize or replace them. | F13: No
A14: iRest | B14: 3D LTX | C14: F9 | D14: Malfunction: Manipulator communication failure Possible Causes: 1. Drive board failure. 2. The plug-in is loose and the connecting harness is open. 3. Detect line faults. | E14: Check whether the relevant circuits, wiring harnesses, and plug-ins are in good condition; reorganize or replace them. | F14: No
A15: iRest | B15: 3D LTX | C15: FA - FC | D15: Malfunction: Back heating Possible Causes: 1. Drive board failure. 2. The plug-in is loose and the connecting harness is open. | E15: Check whether the relevant circuits, wiring harnesses, and plug-ins are in good condition; reorganize or replace them. | F15: Yes | G15: Check connections for the backpad to ensure the heating cord is securely connected
A16: iRest | B16: 3D LTX | C16: FD - FF | D16: Malfunction: Roller motor Possible Causes: 1. Damage to the MOS tube of the roller motor (cannot be controlled). 2. Motor failure. 3. Motor drive circuit problem. 4. Overload or other reasons make the motor unable to work normally. | E16: Check whether the relevant circuits, wiring harnesses, and plug-ins are in good condition; reorganize or replace them. | F16: No
A17: iRest | B17: Acro | C17: A5 | D17: Malfunction: Error detection of foot roller motor drive circuit. Possible Causes: 1. The foot roller motor drive circuit circuit problems. 2. The foot roller motor fails, resulting in excessive current. 3. Overload or other reasons cause the motor to lock up and cause excessive current. | E17: Check whether the relevant circuits, wiring harnesses and plug-ins are in good condition, and reorganize or replace them. | F17: Yes | G17: Check connections for the Footrest to ensure the power cord is securely connected to the base
A18: iRest | B18: Acro | C18: E0 | D18: Malfunction: The upper and lower limit switches of the manipulator detect at the same time. Possible Causes: 1. The upper and lower limit switch lines are not connected well. 2. The upper and lower limit switches are damaged (one or two). | E18: Check whether the relevant accessories and wiring harness are in good condition, and reorganize and replace them. | F18: No
A19: iRest | B19: Acro | C19: E1 | D19: Malfunction: The position signal of up and down walking turns is not detected in unit time. Possible Causes: 1. The upper and lower position signal lines are not connected well. 2. The walking detection code wheel collides with the deflection detection photoelectric pair tube. 3. Move the motor up and down. 4. Moving the motor drive circuit up and down the motherboard. 5. Overload or other reasons make the up-and-down moving motor unable to work normally. | E19: Check whether the relevant accessories and wiring harness are in good condition, and reorganize and replace them. | F19: No
A20: iRest | B20: Acro | C20: E2 | D20: Malfunction: The machine does not detect upper or lower limit signals. Possible Causes: 1. Overload or other reasons make the running speed of the up-and-down moving motor slow. 2. The upper and lower limit switches are damaged. | E20: Check whether the relevant accessories and wiring harness are in good condition, and reorganize and replace them. | F20: No
A21: iRest | B21: Acro | C21: E3 | D21: Malfunction: Kneading width can not be detected. Possible Causes: 1. Kneading width detection photoelectric pipe damage (one or two). 2. Failure of kneading motor. 3. Kneading drive circuit problem. 4. Overload or other reasons make the motor unable to work normally. | E21: Check whether the relevant accessories and wiring harness are in good condition, and reorganize and replace them. | F21: No
A22: iRest | B22: Acro | C22: E4 | D22: Malfunction: The number of turns of the calf lifting motor cannot be detected. Possible Causes: 1. The number of laps detected that Hall was damaged. 2. Motor failure. 3. Motor drive circuit problem. 4. Overload or other reasons make the motor unable to work normally. | E22: Check whether the relevant accessories and wiring harness are in good condition, and reorganize and replace them. | F22: No
A23: iRest | B23: Acro | C23: E5 | D23: Malfunction: The number of turns of backrest lifting motor cannot be detected. Possible Causes: 1. The number of laps detected that Hall was damaged. 2. Motor failure. 3. Motor drive circuit problem. 4. Overload or other reasons make the motor unable to work normally. | E23: Check whether the relevant circuits, wiring harnesses and plug-ins are in good condition, and reorganize or replace them. | F23: No
A24: iRest | B24: Acro | C24: E6E8 | D24: Malfunction: The calf does not rise or fall. Possible Causes: 1. The upper and lower limit switch lines are not connected well. 2. The upper and lower limit switches are damaged (one or two). 3. Heavy or other reasons make the motor run slowly. | E24: Check whether the relevant circuits, wiring harnesses and plug-ins are in good condition, and reorganize or replace them. | F24: No
A25: iRest | B25: Acro | C25: E7 | D25: Malfunction: Upper and lower limit signals are detected at the same time when the backrest is lifted and lowered. Possible Causes: 1. The upper and lower limit switch lines are not connected well. 2. The upper and lower limit switches are damaged (one or two). | E25: Check whether the relevant circuits, wiring harnesses and plug-ins are in good condition, and reorganize or replace them. | F25: No
A26: iRest | B26: Acro | C26: E9 | D26: Malfunction: No upper limit or lower limit signal was detected for backrest lifting. Possible Causes: 1. Heavy or other reasons make the motor run slowly. 2. The upper and lower limit switches are damaged. | E26: Check whether the relevant circuits, wiring harnesses and plug-ins are in good condition, and reorganize or replace them. | F26: No
A27: iRest | B27: Acro | C27: EA | D27: Malfunction: Flap motor drive circuit detection error. Possible Causes: 1. The problem of beating motor drive circuit. 2. Tapping motor failure causes excessive current. 3. Overload or other reasons cause the motor to lock up and cause excessive current. | E27: Check whether the relevant circuits, wiring harnesses and plug-ins are in good condition, and reorganize or replace them. | F27: No
A28: iRest | B28: Acro | C28: EB | D28: Malfunction: Error detection of driving circuit of kneading motor. Possible Causes: 1. Kneading motor drive circuit problem. 2. Kneading motor failure, resulting in excessive current. 3. Overload or other reasons cause the motor to lock up and cause excessive current. | E28: Check whether the relevant circuits, wiring harnesses and plug-ins are in good condition, and reorganize or replace them. | F28: No
A29: iRest | B29: Acro | C29: EC | D29: Malfunction: Error detection of driving circuit of robot walking motor. Possible Causes: 1. Drive circuit of traveling motor. 2. The traveling motor fails, resulting in excessive current. 3. Overload or other reasons cause the motor to lock up and cause excessive current. | E29: Check whether the relevant circuits, wiring harnesses and plug-ins are in good condition, and reorganize or replace them. | F29: No
... A31: iRest | B31: Acro | C31: EE | D31: Malfunction: Error detection of driving circuit of backrest lifting motor. Possible Causes: 1. Drive circuit of backrest lifting motor. 2. The backrest lifting motor fails, resulting in excessive current. 3. Overload or other reasons cause the motor to lock up and cause excessive current. | E31: Check whether the relevant circuits, wiring harnesses and plug-ins are in good condition, and reorganize or replace them. | F31: No
A32: iRest | B32: Allure | C32: B0 | D32: Error in communication between massage hand and PCB | E32: 1. J31 massage hand problem, PCB problem. 2. Massage hand connection problem or plug-in loosened. | F32: Yes | G32: Check the connection of the remote to the base of the chair and ensure it is conected securely
A33: iRest | B33: Allure | C33: B1 | D33: Error communication between massage chair and armrest shortcut key | E33: 1. Armrest shortcut keyboard broken. 2. Link between shortcut key and massage chair loose or wire harness broken. | F33: Yes | G33: Make sure there are no buttons on the side panel that are stuck
A34: iRest | B34: Allure | C34: B2 | D34: Back heating overload or short circuit | E34: 1. Back heating drive circuit has problem. 2. Back heating overload or short circuit. | F34: Yes | G34: Check connections for the backpad to ensure the heating cord is securely connected
A35: iRest | B35: Allure | C35: B3 | D35: Backrest heating temperature sensor has problem | E35: 1. Main board temperature detection circuit has problem. 2. Temperature probe malfunction, wirebroken, or plug-in loop. | F35: Yes | G35: Check connections for the backpad to ensure the heating cord is securely connected
A36: iRest | B36: Allure | C36: B4 | D36: Back heating circuit opening | E36: 1. Main board heating circuit malfunction. 2. Heater circuit opening, plug-in loop or wire broken. | F36: Yes | G36: Check connections for the backpad to ensure the heating cord is securely connected
A37: iRest | B37: Allure | C37: B5 | D37: Error in calf kneadingmotor drive circuitdetection | E37: 1. Calf kneading motor drive circuit has problem. 2. Calf kneading roller motor broken. 3. Overload. | F37: Yes | G37: Check connections for the Footrest to ensure the power cord is securely connected to the base
A38: iRest | B38: Allure | C38: B6 | D38: Calf kneading motor circuit opening | E38: 1. Calf kneading motor drive circuit has problem. 2. Calf kneading motor circuit opening or plug loop. | F38: Yes | G38: Check connections for the Footrest to ensure the power cord is securely connected to the base
A39: iRest | B39: Allure | C39: B7 | D39: Error in foot roller motor drive circuit detection | E39: 1. Foot roller motor drive circuit has problem. 2. Foot roller motor broken. 3. Overload. | F39: Yes | G39: Check connections for the Footrest to ensure the power cord is securely connected to the base
A40: iRest | B40: Allure | C40: B8 | D40: Error detection in 24V AC air pump drive circuit | E40: 1. Air pump drive circuit has problem. 2. Air pump broken. 3. Overload. | F40: No
A41: iRest | B41: Allure | C41: BF | D41: No SD card on bluetooth board | E41: 1. No SD card or not connected well. | F41: No
A42: iRest | B42: Allure | C42: E0 | D42: Lower leg lift motor cycles can not be detected in unit time | E42: 1. Circle number detection hall damage. 2. Motor broken. 3. Motor drive circuit problem. 4. The motor does not work properly due to exceptional load or other causes. | F42: No
A43: iRest | B43: Allure | C43: E1 | D43: The lower leg lift motor detected up and lower limit signal simultaneously | E43: 1. The upper and lower limit switch lines are not connected well. 2. The upper and lower limit switches are damaged (one or two). | F43: No
A44: iRest | B44: Allure | C44: E2 | D44: When the calf lifting motor working, no signal detected inspected time from the upper or lower limited switch | E44: 1. Overload or other causes slow the motor. 2. The upper and lower limit switch is damaged. | F44: No
A45: iRest | B45: Allure | C45: E3 | D45: leg lifting motor driver circuit detection error | E45: 1. Leg lifting motor drive circuit has problem. 2. Leg lifting motor broken. 3. Overload or other causes slow the motor. | F45: No
A46: iRest | B46: Allure | C46: E4 | D46: Lower back lift motor cycles can not be detected in unit time | E46: 1. Circle number detection Hall Damage. 2. Motor broken. 3. Motor drive circuit problem. 4. The motor does not work properly due to exceptional load or other causes. | F46: No
A47: iRest | B47: Allure | C47: E5 | D47: The back lift motor detected up and lower limit signal simultaneously | E47: 1. The upper and lower limit switch lines are not connected well. 2. The upper and lower limit switches are damaged (one or two). | F47: No
A48: iRest | B48: Allure | C48: E6 | D48: When the back lifting motor working, no signal detected inspected time from the upper or lower limited switch | E48: 1. Overload or other causes slow the motor. 2. The upper and lower limit switch is damaged. | F48: No
A49: iRest | B49: Allure | C49: E7 | D49: back lifting motor driver circuit detection error | E49: 1. Back lifting motor drive circuit has problem. 2. Back lifting motor broken. 3. Overload or other causes slow the motor. | F49: No
A50: iRest | B50: Allure | C50: F0 | D50: Stretching motor detected front and real limit signal simultaneously | E50: 1. The stretch signal detection element damage. 2. Stretch detection line broken or plug-in loop. | F50: No
A51: iRest | B51: Allure | C51: F1 | D51: Hall signal 1 can't detect the number of cycles when the stretching motor working | E51: 1. Stretch motordrive circuit has problem. 2. Stretch motor broken / Stretch detection board broken. | F51: No
... A64: iRest | B64: Allure | C64: FE | D64: Shoulder position detection signal not detected | E64: 1. Shoulder position detection slot photo coupling broken. 2. Shoulder position detection line plug loose out. | F64: No
A65: iRest | B65: Alpha | C65: E1 01 | D65: Problem: Up and down problem. Reasons: 1. WIRES NOT CONNECT WELL 2. THE LIMITED SWITCH BROKEN | F65: No
A66: iRest | B66: Alpha | C66: E1 02 | D66: Problem: Up and down problem. Reasons: 1. THE LIMITED SWITCH BROKEN 2. POSITION SIGNAL WIRE NOT CONNECTED 3. UP AND DOWN MOTOR BELT LOOSE 4. UP AND DOWN MOTOR PROBLEM 5. MAIN BOARD PROBLEM 6. OVER LOADED | F66: No
A67: iRest | B67: Alpha | C67: E1 04 | D67: Problem: Up and down problem. Reasons: 1. OVER LOADED 2. THE LIMITED SWITCH BROKEN | F67: No
A68: iRest | B68: Aster | C68: E1 01 | D68: massage hand upper and lower limit switch simultaneously detected | E68: Probable Cause: 1. The upper and lower limit switch wires are not connected well. 2. The upper and lower limit switches are damaged (one or two). 3. The upper and lower limit signal lines are disconnected. Troubleshooting: The software turns off the moving motor up and down | F68: No
A69: iRest | B69: Aster | C69: E1 02 | D69: No upper and lower position signals detected per unit time (hall switch) | E69: Probable Cause: 1. The upper and lower position hall switch is damaged (one or two). 2. The signal line of the upper and lower position is not connected well. 3. The upper and lower motile motor drive belt falls off. Troubleshooting: The software turns off the moving motor up and down | F69: No
A70: iRest | B70: Aster | C70: E1 03 | D70: massage hand up or down the process, in the specified time did not detect the upper or lower limit signal. | E70: Probable Cause: 1. The motor running speed of up and down movement becomes slow due to overload or other reasons. 2. Upper and lower limit switch is damaged. 3. The upper and lower limit signal line is disconnected. Troubleshooting: Cut off the load power supply | F70: No
A71: iRest | B71: Aster | C71: E1 04 | D71: massage hand software shut down move up and down stop, in a certain time to detect a certain number of laps | E71: Probable Cause: 1. The drive circuit is damaged. 2. The laps number signal wiring harness is disconnected. Troubleshooting: Cut off the load power supply | F71: No
A72: iRest | B72: Aster | C72: E1 05 | D72: massage hand up and down motor overload | E72: Probable Cause: 1. massage hand walking load mechanism overload. 2. The walking motor is damaged. Troubleshooting: The software turns off the moving motor up and down | F72: No
A73: iRest | B73: Aster | C73: E2 01 | D73: massage hand kneading motor overload | E73: Probable Cause: 1. massage hand kneading mechanism overload. 2. Damaged kneading motor. Troubleshooting: Software off kneading motor | F73: No
A74: iRest | B74: Aster | C74: E2 02 | D74: massage hand width detection signal abnormal | E74: Probable Cause: 1. Width detection board optocoupler signal. 2. The kneading motor is damaged or blocked. 3. The signal line is disconnected. Troubleshooting: Software off kneading motor | F74: No
A75: iRest | B75: Aster | C75: E3 01 | D75: Flapping motor overload | E75: Probable Cause: 1. massage hand slap machine overload. 2. The flapping motor is damaged. Troubleshooting: The software turns off the electric cylinder motor | F75: No
A76: iRest | B76: Aster | C76: E4 01 | D76: Electric cylinder overload | E76: Probable Cause: 1. The electric cylinder mechanism is overloaded. 2. The electric cylinder motor is damaged. Troubleshooting: The software turns off the electric cylinder motor | F76: No
A77: iRest | B77: Aster | C77: E4 02 | D77: No upper or lower limit signals were detected during the movement of the power cylinder for a specified period of time. | E77: Probable Cause: 1. The operation speed of telescopic motor becomes slow due to overload or other reasons. 2. The upper and lower limit signal line is disconnected. 3. Upper and lower limit switch is damaged. Troubleshooting: The software turns off the electric cylinder motor | F77: No
A78: iRest | B78: Aster | C78: E5 01 | D78: Foot roller motor overloaded | E78: Probable Cause: 1. Foot roller mechanism overload. 2. Foot roller motor broken. Troubleshooting: The software turns off foot roller motor | F78: Yes | G78: Check connections for the Footrest to ensure the power cord is securely connected to the base
A79: iRest | B79: Aster | C79: E6 01 | D79: The DC air pump motor is overloaded | E79: Probable Cause: 1. Air pump motor is damaged. 2. Drive circuit failure. Troubleshooting: The software turns off air pump motor motor | F79: No
A80: iRest | B80: Avalon | C80: B1 ~ B6 | D80: Malfunction: The calf does not stretch Possible Cause: * B1: Damage of MOS tube of calf telescopic motor is uncontrollable - B2: Leg telescopic motor not running, not connected - B3: Stroke and overcurrent of calf telescopic motor - B4: Leg telescopic limit detection error (telescopic limit detection plate is not connected or damaged) - B5: The number of turns of the calf telescopic motor cannot be detected - B6: Running time-out of calf telescopic motor | E80: 1: Calf telescopic motor 2: Leg drive plate | F80: Yes | G80: Check connections for the Footrest to ensure the power cord is securely connected to the base
A81: iRest | B81: Avalon | C81: B7 to B9 BA ~ BC | D81: Malfunction: Telescope does not work Possible Cause: * B7: 3D telescopic motor MOS tube is damaged and controlled - B8: 3D telescopic motor is not running, not connected - B9: 3D telescopic motor is blocked, over-current - BA: 3D telescopic motor error detection limit (telescopic motor detection limit is not detected) - BB: 3D telescopic motor is not detected timeout operation | E81: 1: Telescopic motor 2: Drive plate 3: Manipulator drive plate | F81: No
A82: iRest | B82: Avalon | C82: C1 ~ C5 | D82: Malfunction: Kneading doesn't work Possible Cause: * C1: kneading motor turns are not detected - C2: kneading motor turns is not detected - C3: kneading motor turns are blocked and damaged over-current - C4: kneading motor turns are not running and not connected - C5: kneading motor cannot be detected MOS tube is blocked and controlled | E82: 1: kneading motor 2: drive plate 3: manipulator drive plate | F82: No
A83: iRest | B83: Avalon | C83: C6 ~ C8 | D83: Malfunction: Non-inflatable Possible Cause: * C6: The damage of MOS tube of air pump is uncontrollable - C7: Air pump not running, not connected - C8: Stroke and over-flow of air pump | E83: 1: Drive board 2: Air pump | F83: No
A84: iRest | B84: Avalon | C84: CC ~ CE | D84: Malfunction: Kneading doesn't work Possible Cause: * CC: The damage of MOS tube of calf kneading motor cannot be controlled - CD: Leg kneading motor not running, not connected - CE: The leg rubbing motor is locked and overcurrent | E84: 1: Calf kneading motor 2: Drive board | F84: Yes | G84: Check connections for the Footrest to ensure the power cord is securely connected to the base
A85: iRest | B85: Avalon | C85: CF | D85: Malfunction: Calf does not work Possible Cause: CF: calf communication failure | E85: 1: Lower leg drive plate 3: Drive plate | F85: Yes | G85: Check connections for the Footrest to ensure the power cord is securely connected to the base
A86: iRest | B86: Avalon | C86: E1 ~ E3 | D86: Malfunction: Flapping doesn't work Possible Cause: * E1: Beating motor is blocked and over-current - E2: Beating motor is not running or connected - E3: Beating motor MOS tube is damaged and cannot be controlled | E86: 1: Flapping motor 3: Manipulator drive plate 4: Detection plate | F86: No
A87: iRest | B87: Avalon | C87: E4 - E9 | D87: Malfunction: Calf does not stretch Possible Cause: * E4: The MOS tube of the lower leg electric rod is detected and cannot be controlled - E5: The lower leg electric rod is not running, not - E6: The lower leg electric rod is blocked, over-current - E7: The lower leg electric rod error (the lower leg electric rod detection limit is not detected or rod operation) - E8: The lower leg electric rod is not running | E87: 1: Lower leg electric cylinder 2: Drive plate | F87: Yes | G87: Check connections for the Footrest to ensure the power cord is securely connected to the base
A88: iRest | B88: Avalon | C88: EA ~ EF | D88: Malfunction: Don't lie down Possible Cause: * EA: Damage of MOS tube of backrest electric rod is uncontrollable - EB: Backrest power lever not running, not connected - EC: The backrest electric rod is locked and overcurrent - ED: Error in detecting the limit of backrest electric rod (the travel limit detection plate is not connected or damaged) - EE: The number of turns of backrest electric lever cannot be detected - EF: Backrest electric lever running overtime | E88: 1: Backrest electric cylinder 2: See the driving board for details | F88: No
A89: iRest | B89: Avalon | C89: F1 to F6 | D89: Malfunction: Manipulator does not walk Possible Cause: * F1: The number of turns of the detected motor travel cannot be detected - F2: The travel limit error (the travel limit board is not damaged or damaged) - F3: The blocked motor is blocked, current - F4: The travel limit is not running, not running - F5: The travel limit is overtime - F6: The MOS detection of the motor is connected and cannot be controlled | E89: 1: Travel motor 3: Manipulator drive plate 4: Detection plate | F89: No
A90: iRest | B90: Avalon | C90: F7 | D90: Malfunction: The complete machine does not work Possible Cause: F7: 24V power failure of switching power supply | E90: 1: Switching power supply | F90: No
A91: iRest | B91: Avalon | C91: FA ~ FC | D91: Malfunction: No heating Possible Cause: * FA: back heating MOS tube protection is running and cannot be controlled - FB: back heating is not running, not connected, or thermal protection - FC: back heating overcurrent protection | E91: 1: Heating wire | F91: Yes | G91: Check connections for the backpad to ensure the heating cord is securely connected
A92: iRest | B92: Avalon | C92: FD ~ FF | D92: Malfunction: Sole roller does not work Possible Cause: * FD: The MOS tube of the roller motor is damaged and cannot be controlled - FE: The roller motor is not running or connected - FF: The roller motor is blocked and over-current | E92: 1: Foot roller motor 2: Lower leg drive plate | F92: Yes | G92: Check connections for the Footrest to ensure the power cord is securely connected to the base
A93: iRest | B93: Cosmo | C93: A5 | D93: Malfunction: Error detection of foot roller motor drive circuit. Possible Causes: 1. The foot roller motor drive circuit circuit problems. 2. The foot roller motor fails, resulting in excessive current. 3. Overload or other reasons cause the motor to lock up and cause excessive current. | E93: Check whether the relevant circuits, wiring harnesses and plug-ins are in good condition, and reorganize or replace them. | F93: Yes | G93: Check connections for the Footrest to ensure the power cord is securely connected to the base
A94: iRest | B94: Cosmo | C94: E0 | D94: Malfunction: The upper and lower limit switches of the manipulator detect at the same time. Possible Causes: 1. The upper and lower limit switch lines are not connected well. 2. The upper and lower limit switches are damaged (one or two). | E94: Check whether the relevant accessories and wiring harness are in good condition, and reorganize and replace them. | F94: No
A95: iRest | B95: Cosmo | C95: E1 | D95: Malfunction: The position signal of up and down walking turns is not detected in unit time. Possible Causes: 1. The upper and lower position signal lines are not connected well. 2. The walking detection code wheel collides with the deflection detection photoelectric pair tube. 3. Move the motor up and down. 4. Moving the motor drive circuit up and down the motherboard. 5. Overload or other reasons make the up-and-down moving motor unable to work normally. | E95: Check whether the relevant accessories and wiring harness are in good condition, and reorganize and replace them. | F95: No
A96: iRest | B96: Cosmo | C96: E2 | D96: Malfunction: The machine does not detect upper or lower limit signals. Possible Causes: 1. Overload or other reasons make the running speed of the up-and-down moving motor slow. 2. The upper and lower limit switches are damaged. | E96: Check whether the relevant accessories and wiring harness are in good condition, and reorganize and replace them. | F96: No
A97: iRest | B97: Cosmo | C97: E3 | D97: Malfunction: Kneading width can not be detected. Possible Causes: 1. Kneading width detection photoelectric pipe damage (one or two). 2. Failure of kneading motor. 3. Kneading drive circuit problem. 4. Overload or other reasons make the motor unable to work normally. | E97: Check whether the relevant accessories and wiring harness are in good condition, and reorganize and replace them. | F97: No
A98: iRest | B98: Cosmo | C98: E4 | D98: Malfunction: The number of turns of the calf lifting motor cannot be detected. Possible Causes: 1. The number of laps detected that Hall was damaged. 2. Motor failure. 3. Motor drive circuit problem. 4. Overload or other reasons make the motor unable to work normally. | E98: Check whether the relevant accessories and wiring harness are in good condition, and reorganize and replace them. | F98: No
A99: iRest | B99: Cosmo | C99: E5 | D99: Malfunction: The number of turns of backrest lifting motor cannot be detected. Possible Causes: 1. The number of laps detected that Hall was damaged. 2. Motor failure. 3. Motor drive circuit problem. 4. Overload or other reasons make the motor unable to work normally. | E99: Check whether the relevant circuits, wiring harnesses and plug-ins are in good condition, and reorganize or replace them. | F99: No
A100: iRest | B100: Cosmo | C100: E6E8 | D100: Malfunction: The calf does not rise or fall. Possible Causes: 1. The upper and lower limit switch lines are not connected well. 2. The upper and lower limit switches are damaged (one or two). 3. Heavy or other reasons make the motor run slowly. | E100: Check whether the relevant circuits, wiring harnesses and plug-ins are in good condition, and reorganize or replace them. | F100: No
A101: iRest | B101: Cosmo | C101: E7 | D101: Malfunction: Upper and lower limit signals are detected at the same time when the backrest is lifted and lowered. Possible Causes: 1. The upper and lower limit switch lines are not connected well. 2. The upper and lower limit switches are damaged (one or two). | E101: Check whether the relevant circuits, wiring harnesses and plug-ins are in good condition, and reorganize or replace them. | F101: No
A102: iRest | B102: Cosmo | C102: E9 | D102: Malfunction: No upper limit or lower limit signal was detected for backrest lifting. Possible Causes: 1. Heavy or other reasons make the motor run slowly. 2. The upper and lower limit switches are damaged. | E102: Check whether the relevant circuits, wiring harnesses and plug-ins are in good condition, and reorganize or replace them. | F102: No
A103: iRest | B103: Cosmo | C103: EA | D103: Malfunction: Flap motor drive circuit detection error. Possible Causes: 1. The problem of beating motor drive circuit. 2. Tapping motor failure causes excessive current. 3. Overload or other reasons cause the motor to lock up and cause excessive current. | E103: Check whether the relevant circuits, wiring harnesses and plug-ins are in good condition, and reorganize or replace them. | F103: No
A104: iRest | B104: Cosmo | C104: EB | D104: Malfunction: Error detection of driving circuit of kneading motor. Possible Causes: 1. Kneading motor drive circuit problem. 2. Kneading motor failure, resulting in excessive current. 3. Overload or other reasons cause the motor to lock up and cause excessive current. | E104: Check whether the relevant circuits, wiring harnesses and plug-ins are in good condition, and reorganize or replace them. | F104: No
A105: iRest | B105: Cosmo | C105: EC | D105: Malfunction: Error detection of driving circuit of robot walking motor. Possible Causes: 1. Drive circuit of traveling motor. 2. The traveling motor fails, resulting in excessive current. 3. Overload or other reasons cause the motor to lock up and cause excessive current. | E105: Check whether the relevant circuits, wiring harnesses and plug-ins are in good condition, and reorganize or replace them. | F105: No
... A107: iRest | B107: Cosmo | C107: EE | D107: Malfunction: Error detection of driving circuit of backrest lifting motor. Possible Causes: 1. Drive circuit of backrest lifting motor. 2. The backrest lifting motor fails, resulting in excessive current. 3. Overload or other reasons cause the motor to lock up and cause excessive current. | E107: Check whether the relevant circuits, wiring harnesses and plug-ins are in good condition, and reorganize or replace them. | F107: No
A108: iRest | B108: DuoMax | C108: 1 | D108: Ground switch failure | E108: Calf mainboard / Related Plug-ins / ground switch | F108: Yes | G108: Check connections for the Footrest to ensure the power cord is securely connected to the base
A109: iRest | B109: DuoMax | C109: 2 | D109: Faulty heel switch on the left side | E109: Calf mainboard / Related Plug-ins / heel switch | F109: Yes | G109: Check connections for the Footrest to ensure the power cord is securely connected to the base
A110: iRest | B110: DuoMax | C110: 3 | D110: Malfunctioning heel switch on the right side | E110: Calf mainboard / Related Plug-ins / heel switch | F110: Yes | G110: Check connections for the Footrest to ensure the power cord is securely connected to the base
A111: iRest | B111: DuoMax | C111: A0 | D111: Communication error between movement and motherboard | E111: Robot mainboard / main board / robotic plug-in | F111: No
A112: iRest | B112: DuoMax | C112: A1~A5 | D112: walking fault | E112: Robot mainboard / Walking motors / related inserts / limit detection circuit boards / circle detection boards | F112: No
A113: iRest | B113: DuoMax | C113: A7~A9, AA | D113: Kneading motor faults | E113: Kneading motors / related inserts / width detection boards / Robot mainboard | F113: No
A114: iRest | B114: DuoMax | C114: AB/AC | D114: Tapping Motor Failure | E114: Tapping motors / related inserts / Robot mainboard | F114: No
...

Sheet Error Code Lookup
B2: Error Code Search Tool
B4: Model / Mfg No.:
B5: Error Code(s):
C6: Note: Search multiple error codes using commas (e.g., 44, 46).
C7: Note #2 : If using a serial number, use the first couple numbers and the first letter (e.g., 8602A for 8602A20111028).
B8: Manufacturer | C8: Model | D8: Error Code | E8: Display | F8: Meaning | G8: Troubleshooting | H8: Parts Required | I8: Severity
B9: =IFERROR(__xludf.DUMMYFUNCTION("IF(AND(C4="""", C5=""""), ""Please enter a Model Name or Error Code to search."", IFERROR(FILTER({'Error Code Log'!A2:C1000, 'Error Code Log'!H2:H1000, 'Error Code Log'!D2:E1000, 'Error Code Log'!I2:I1000}, IF(C4="""", ROW('Error Code Log'!B2:B1000)>0, MA"&"P('Error Code Log'!B2:B1000, LAMBDA(model, OR(REGEXMATCH(LOWER(TO_TEXT(model)), LOWER(TRIM(TO_TEXT(C4)))), COUNTIFS('Summary by Mfg & Model'!B:B, ""*""&C4&""*"", 'Summary by Mfg & Model'!C:C, model) > 0)))), IF(C5="""", ROW('Error Code Log'!C2:C1000)>0, R"&"EGEXMATCH(LOWER(TO_TEXT('Error Code Log'!C2:C1000)), ""\b("" & REGEXREPLACE(LOWER(TRIM(TO_TEXT(C5))), ""\s*,\s*"", ""|"") & "")\b""))), IF(C4<>"""", IF(COUNTIFS('Summary by Mfg & Model'!B:B, ""*""&C4&""*"") + COUNTIFS('Summary by Mfg & Model'!C:C, ""*""&C"&"4&""*"") > 0, IF(SUMIFS('Summary by Mfg & Model'!D:D, 'Summary by Mfg & Model'!B:B, ""*""&C4&""*"") + SUMIFS('Summary by Mfg & Model'!D:D, 'Summary by Mfg & Model'!C:C, ""*""&C4&""*"") > 0, ""No matching error codes found for this search."", ""This chair "&"does not have error codes.""), ""There is no information on this chair at this time.""), ""No results found."")))"),"Please enter a Model Name or Error Code to search.") -> Please enter a Model Name or Error Code to search.
